Bam Id,Date,Instrument,Index Level,Face OS,Original Face OS,Mkt Cap,Mkt Cap %,Avr. Life,Daily Change (%),MTD Change (%),YTD Change (%),No. of Issues,No. of Issuer,Average S&P Rating,Average Moody Rating,Average Fitch Rating,UST Return Daily Change (%) ,UST Return MTD Change (%) ,UST Return YTD Change (%) ,Spread Return Daily Change (%) ,Spread Return MTD Change (%) ,Spread Return YTD Change (%) ,Price Return Daily Change (%) ,Price Return MTD Change (%) ,Price Return YTD Change (%) ,Coupon Return Daily Change (%) ,Coupon Return MTD Change (%) ,Coupon Return YTD Change (%) ,Coupon Amt,Spread Duration,Avg Life to Worst,IR Duration to Worst,IR Convexity to Worst,Yield to Worst,STW (Trsy),Z Spread to Worst,Weighted Avg Avg Life Wrst,Dur Wgt Yield Wrst,Dur Wgt STW (Trsy),Dur Wgt Z- Spread to Wrst
FC_EMBIG,06-May-2026,EMBI Global Diversified,1113.268757,839981113496.6,848384118377,790533717923.1,100.0,10.483769,0.6458000000000075,0.8431007874206697,2.4223226046602653,1045.0,163.0,BB+,Ba1,BB+,0.4438778428214496,0.2328758721080071,0.17953155354744066,0.20103467933472174,0.6088071844621235,2.238771681328,0.6388999999999978,0.774546592540637,0.4796918316285037,0.006848346677568173,0.06802755982660003,1.933356386362206,5.69297,6.286443,10.452437,6.387974350564973,80.449455,6.839470772139281,237.0,293.0,10.202153,6.47981285897965,199.0,256.0
,,By Region,,,,,,,,,,,,,,,,,,,,,,,,,,,,,,,,,,,,,,
FC_EMBIG_AFRICA,06-May-2026,Africa,1769.440811,119154849457.7,120017781110,119096927917.3,15.065382439374694,10.51677,0.9765999999999941,1.6489487388378965,2.6076445981784158,104.0,22.0,B+,B2,B,0.4031372723168003,0.1940618857610099,0.27727639363648304,0.5711369781246534,1.4520689630777905,2.323924566312763,0.9746000000000032,1.5929352079172787,0.10303801661324385,0.0019771211550168033,0.05513501650884489,2.5020291071279788,7.341361,5.801772,10.51677,5.929760720179522,69.377898,7.599870862195829,314.0,370.0,10.215251,7.437053867322104,297.0,353.0
FC_EMBIG_ASIA,06-May-2026,Asia,840.075653,127613492156,128469371345,122600876964.4,15.508620844975873,10.498761,0.5907000000000107,0.6485782994261946,0.7570752958756533,246.0,36.0,BBB,Baa2,BBB-,0.4510517224449506,0.2649258880867089,0.1672297925127353,0.13897458607987634,0.38263860415064244,0.5888611299436297,0.5841999999999903,0.5834967279026992,-0.8380651969596364,0.006420233293225053,0.06470450294149277,1.6086263514145438,4.526543,6.526187,10.268301,6.548781714248137,86.935647,5.33170975783482,79.0,141.0,9.682412,5.327426942669645,79.0,141.0
FC_EMBIG_EUROPE,06-May-2026,Europe,1200.732027,153024106482,153024106482,147546689075.4,18.66418670452946,8.662923,0.6510999999999934,0.7998105131636457,1.2198674154914046,155.0,36.0,BB+,Ba1,BB+,0.4116243406219189,0.20233826238067465,0.26086336196380344,0.23848670942172578,0.5962657643274749,0.9565093810533609,0.6437000000000026,0.7339044311128529,-0.7722009587325829,0.007379766453818881,0.06542534596396532,2.007567228242668,5.776409,5.686666,8.724506,5.751222165104362,60.920118,6.511747427127196,215.0,263.0,8.419782,6.376585342440326,200.0,249.0
FC_EMBIG_LATIN,06-May-2026,Latin,1088.211947,315579627357.9,320238821397,289529731973.4,36.62458987000292,12.108624,0.5627999999999966,0.7303090310489813,4.564276052642513,325.0,42.0,BB+,Ba2,BB,0.49411771182732434,0.266901084624771,0.04040714859026018,0.06834159076309909,0.4621743878885143,4.522041220851536,0.5552000000000001,0.6495667197385702,2.619149315392022,0.007514024787891316,0.08022101344928867,1.895478897848557,5.623664,6.955907,12.169714,7.09037359808966,96.364007,7.055709368007371,255.0,313.0,11.899579,6.689569507969838,216.0,275.0
FC_EMBIG_MIDEAST,06-May-2026,Middle East,657.528399,124609038043,126634038043,111759491992.6,14.137220141117037,8.55788,0.5635000000000057,0.5559709786377542,0.3675756754405013,215.0,27.0,BBB,Baa2,BBB,0.39496922366564213,0.2012308969955079,0.32768846541830765,0.16783700237628096,0.35402772152273165,0.039756907040744416,0.5554999999999977,0.503800606590854,-1.3611613590644667,0.007974725772852409,0.051908908226860895,1.7525926437508943,5.285325,5.597422,8.600635,5.7208446426559645,69.686422,7.544890021471373,316.0,367.0,8.71403,6.327048257859207,186.0,243.0
FC_EMBIG_NONLAT,06-May-2026,Non Latin,1163.461925,524401486138.7,528145296980,501003985949.7,63.37541012999706,9.505947,0.6939000000000028,0.9084124600432508,1.236242344945282,720.0,121.0,BB+,Ba1,BB+,0.41534123088176056,0.21387494181717148,0.2518819343564349,0.2773627994245631,0.6930552402113488,0.9818875881114408,0.6872999999999907,0.846929317216194,-0.7051609626507083,0.0064713409485328555,0.06096733336033999,1.955193531635846,5.733022,5.899561,9.482694,5.982058486465267,71.252451,6.694112391812149,226.0,280.0,9.221212,6.336159121718466,188.0,244.0
,,By Country,,,,,,,,,,,,,,,,,,,,,,,,,,,,,,,,,,,,,,
FC_EMBIG_AO,06-May-2026,Angola,319.251838,12009803000,12009803000,12761429626,1.6142802434155112,9.996479,0.1930999999999905,1.389712281884914,11.782727281862737,9.0,1.0,B-,B3,B-,0.40356407231554314,0.1855464205294144,0.18384619994131768,-0.20957890762055564,1.201936056383146,11.577596959505755,0.17339999999999023,1.3235120197235162,8.606270398499817,0.019655734372414635,0.065335327627003,2.9247454743250634,9.004602,5.326696,9.996479,5.4250922144579885,53.835066,8.415854308630946,401.0,455.0,9.874761,8.431920884408928,406.0,457.0
FC_EMBIG_AR,06-May-2026,Argentina,420.259963,26611634461.8,29116962067,21180063800,2.6792106800561215,6.085123,2.2051000000000043,2.15855831270626,4.523253780972847,6.0,1.0,CCC+,Caa1,CCC+,0.3252017924097794,0.14100177744509335,0.2876951373182335,1.8737961214403631,2.0147157754860867,4.223409247183785,2.224599999999999,2.114423176052882,2.9583666216768334,-0.019068780227637916,0.04322002184662388,1.519926501342117,3.341561,4.421728,6.085123,4.456259255710345,31.292288,9.327534679921868,515.0,550.0,5.932367,9.364731598910533,519.0,554.0
FC_EMBIG_AM,06-May-2026,Armenia,224.785758,2000000000,2000000000,1979652915,0.25041979489513083,5.9375,0.49429999999999197,0.5946941717026366,2.8632980231167116,3.0,1.0,BB-,Ba3,BB-,0.38478305946858526,0.15701505796192894,0.13451593856121935,0.10904805593290323,0.4369929053656074,2.7251139528563284,0.48479999999999634,0.5442733047335224,1.1358148187102346,0.009442268920234476,0.05014738332418389,1.7080803361995356,4.957051,4.906652,5.9375,4.936944343430191,32.612477,5.599829529721334,148.0,180.0,6.063566,5.650323679776025,153.0,186.0
FC_EMBIG_AZ,06-May-2026,Azerbaijan,219.326609,1826578000,1826578000,1835401754.3,0.2321724820454589,4.717373,0.23850000000000815,0.19160999488727626,1.6143434433052661,2.0,2.0,BB,Baa3,BBB-,0.32981080090965786,0.1176927215410517,0.16495836541665643,-0.09105916915056467,0.07383069152202548,1.446998717164072,0.22649999999999615,0.1380787363249425,-0.07597257596944074,0.011897095221780063,0.05345791819921786,1.691595260152523,5.032815,4.116993,4.717373,4.12850472316263,20.996534,4.63105191776897,63.0,91.0,4.668428,4.6938127686271445,70.0,98.0
FC_EMBIG_BH,06-May-2026,Bahrain,153.481532,22713521018,22713521018,22518060235.1,2.8484629718601218,7.177812,0.6856999999999891,0.724873875478993,-0.9992627524551767,31.0,3.0,B,B2,B,0.370251479458239,0.17826043198527763,0.20767951140316931,0.3143234009700624,0.5456410369104825,-1.2044385626363785,0.6774999999999975,0.6627013202741061,-3.121925089350841,0.008179323957779872,0.06176300344511443,2.1910657078023865,6.200519,4.9988,7.177812,5.061781917409664,43.093735,6.722129771339993,244.0,287.0,7.08728,6.755489903989858,248.0,290.0
FC_EMBIG_BB_CTRY,06-May-2026,Barbados,113.236663,500000000,500000000,549335555,0.06948919983365005,6.886111,0.4545999999999939,0.053121432178060424,4.1003499213359,1.0,1.0,B+,B2,B+,0.4041865538764844,0.1703812521125947,0.13658266890033133,0.05021050202569377,-0.11706066656120839,3.9583575430448548,0.4461000000000048,-0.07002044058861401,1.470786736848928,0.0084622499031628,0.12322702178062528,2.59144467614123,8.0,5.129442,6.762017,5.149838667590441,34.799216,6.594734569274293,245.0,280.0,6.869444,6.651062872154051,251.0,286.0
FC_EMBIG_BJ,06-May-2026,Benin,127.403883,2100000000,2100000000,2206611424,0.27912932414788105,10.494976,1.0002999999999984,1.8809171047032835,2.591771662735809,3.0,2.0,BB-,B1,B+,0.5175956339825705,0.2525139431733159,0.6068135388395124,0.48020883070136744,1.6243012411363278,1.9729814273976354,0.998600000000005,1.8321616276111286,0.03895877436157491,0.00170676506834333,0.04787766296197038,2.551815692293835,7.672675,6.918629,10.494976,7.010422493431847,67.203079,7.2579554825650705,289.0,331.0,10.593448,7.288107209661592,292.0,334.0
FC_EMBIG_BO,06-May-2026,Bolivia,232.903966,1516700000,1850000000,1489959779.5,0.18847517135819958,2.179319,0.4388999999999976,1.0024384192786506,8.957358198541598,2.0,1.0,CCC+,Caa3,CCC,0.14018329373284288,0.07482398519920164,0.6664598472837291,0.2982887384014532,0.9269206106118366,8.23600805888538,0.42560000000000375,0.9050326388092556,6.75051129288593,0.01319768476113481,0.09653223798038457,2.0672914032753953,6.183288,1.932607,2.179319,1.932619093125772,5.724918,7.485647497482266,362.0,379.0,2.183067,7.7563264198644415,389.0,406.0
FC_EMBIG_BR,06-May-2026,Brazil,1740.888388,25648814695,25648814695,25439103821.1,3.2179656913195407,11.581354,0.4463000000000106,0.5362568910515897,2.8439847278670882,22.0,2.0,BB,Ba1,BB,0.4864946947779947,0.27502016464657775,0.03500144345371936,-0.04004940980771865,0.26052025498017883,2.808000384600784,0.4366000000000092,0.4447260290264543,0.7732361901610307,0.009559728826191716,0.09112565911277848,2.054859624814731,5.875284,6.753154,11.923917,6.889628025804717,84.7392,6.232829679092953,171.0,231.0,11.224954,6.229376454266521,174.0,232.0
FC_EMBIG_BG,06-May-2026,Bulgaria,109.854785,1500000000,1500000000,1480020000,0.18721782087780348,10.825,0.487700000000002,0.5661807873224678,0.16895856968934808,1.0,1.0,BBB+,Baa1,BBB+,0.6156172324987219,0.31375208721553527,-0.013102130263475953,-0.12713457017625718,0.2516389846701772,0.18208769686924864,0.4777999999999949,0.5139424286368932,-1.5174795192535728,0.009852922735187342,0.05197211985807915,1.7124273670083623,5.0,8.153405,10.825,8.259454900795351,83.880027,5.202460001714908,81.0,121.0,10.825,5.235785,84.0,124.0
FC_EMBIG_CM,06-May-2026,Cameroon,123.019699,550000000,550000000,576164110.5,0.07288292674140076,3.227778,0.49920000000001075,1.248261946536089,5.668403030170421,1.0,1.0,B-,Caa1,B,0.20089039837647427,0.08665127459452915,0.45035695204782566,0.29771152774942244,1.1606050840221593,5.194652774886088,0.48589999999999467,1.1744708037412233,2.42684981694965,0.013235687793033968,0.07293413461120224,3.1647512709032766,9.5,2.62693,3.227778,2.6317771024683116,10.347295,8.414809335147316,449.0,471.0,3.227778,8.55033,463.0,484.0
FC_EMBIG_CL,06-May-2026,Chile,427.378671,26931876607,26931876607,24268892562.6,3.069937690499939,15.385577,0.6048999999999971,0.3959771255260369,1.0716018777742198,50.0,6.0,A-,A3,A-,0.597115984616936,0.39493315773757587,0.11521062164434603,0.007721265797777654,0.0010397316511090438,0.95529049183114,0.5989000000000022,0.3208471029421345,-0.5867091888256626,0.005907295775697818,0.07488981744536716,1.6680979662415663,4.403235,8.682918,15.632111,8.825691649170654,141.138178,5.495821355068242,80.0,151.0,14.0661,5.515791077919097,83.0,154.0
FC_EMBIG_CN,06-May-2026,China,625.890386,26466115919,26466115919,25628604735.1,3.241936953993941,6.877878,0.23940000000000072,0.14231066528167524,0.5122926398668515,68.0,18.0,A+,A2,A,0.30075570090866144,0.19477163526246954,0.2385979522154802,-0.061166143592039646,-0.052358931204810055,0.27304300209474164,0.23159999999999847,0.09421907978115485,-0.6879393518185339,0.00782768085476615,0.048046169353832546,1.2085484953015202,3.502188,4.70077,5.701611,4.129851215030842,42.767614,4.406785515478019,3.0,56.0,5.216366,4.423229984163302,6.0,58.0
FC_EMBIG_CO,06-May-2026,Colombia,774.634957,23503684479,23503684479,22312483537.3,2.8224581736862357,9.945036,0.332599999999994,0.18863649734686128,3.6055686836332645,20.0,1.0,BB-,Baa3,BB,0.4650651948926665,0.25404643139199656,0.7793601087906721,-0.13185485644451322,-0.06524415707177544,2.804352959559142,0.32080000000000997,0.09068313589497556,1.4489903524488312,0.011731985287433133,0.0978644114561833,2.125779210683132,5.786153,6.117324,10.130308,6.205804144268092,67.582093,6.783198049801873,233.0,289.0,9.45422,6.804924905105195,237.0,292.0
FC_EMBIG_CR,06-May-2026,Costa Rica,255.7137,7500000000,7500000000,8180813445,1.0348468711103473,15.408481,0.5181000000000102,0.4449007199738064,1.9029993204107587,7.0,2.0,BB,Ba2,BB,0.6241446449156918,0.40274881421944464,0.006886011140938564,-0.10540967976172544,0.04198294562258731,1.8959836044527334,0.5079000000000056,0.34617238395793226,-0.28093296798282763,0.010099889323589295,0.09838761586062894,2.1900833771191675,6.74828,8.634566,14.665151,8.872092022982415,129.815651,5.974645750862436,128.0,203.0,15.499908,5.9917526157246295,131.0,205.0
FC_EMBIG_CI,06-May-2026,Cote D'Ivoire,471.66359,6900000000,6900000000,7297811246.5,0.9231499025332472,9.17786,1.1870000000000047,2.0456297738262075,2.1265590513047883,5.0,1.0,BB,Ba2,BB,0.48047263256656425,0.22235233251062247,-0.6150382445515024,0.7031183258385365,1.8192321514993282,2.7585631347276873,1.1865999999999932,1.9975677279053583,-0.36727253248024505,0.000363,0.047120122955846,2.50302118915402,7.475386,6.336572,9.17786,6.407141647474787,56.041506,6.763463493980551,246.0,287.0,9.115609,6.80043016984028,250.0,291.0
FC_EMBIG_CD,06-May-2026,DEMOCRATIC REPUBLIC OF CONGO,102.170103,1250000000,1250000000,1307666446,0.16541564469070813,7.530556,0.7816999999999963,2.170103000000001,2.170103000000001,2.0,1.0,B-,B3,,0.3987937154275478,0.16644289759408792,0.16644289759408792,0.38137016184054406,2.0003306061251003,2.0003306061251003,0.7611000000000034,2.0802100000000046,2.0802100000000046,0.02042539657656217,0.08806145135484833,0.08806145135484833,9.141984,5.215527,7.530556,5.255143989511327,38.663181,8.38304458978454,419.0,454.0,7.552117,8.414402417589994,423.0,457.0
FC_EMBIG_DO,06-May-2026,Dominican Republic,696.23342,22875381932,22875381932,22797157323.6,2.883767865526008,12.825061,0.661299999999998,0.5170535569838375,0.23116166887942047,19.0,1.0,BB,Ba2,BB-,0.5021620056994358,0.29787728350518794,0.336627906909559,0.1583882848646967,0.21852536941346923,-0.10511212994452901,0.6531999999999982,0.421177515050597,-1.8654935508789938,0.008079026059770733,0.09547434762553486,2.1365138896286107,6.045318,7.139322,13.297679,7.278423747704946,97.798666,6.355073220143491,179.0,240.0,12.535421,6.3752758387380215,182.0,243.0
FC_EMBIG_EC,06-May-2026,Ecuador,1371.088804,14317864171.1,14474258016,13705638673.1,1.7337196835901827,8.111729,1.2030999999999903,0.6033730515063729,7.406035727037685,6.0,1.0,B-,Caa1,B-,0.42195952296715245,0.19982684209445267,-0.02383075236530585,0.7779039632521467,0.40274150537744635,7.431637264035151,1.2064999999999992,0.535533488589568,5.011850890086822,-0.0033520168603584644,0.06747741520081174,2.2799241193008912,6.790997,5.56944,8.111729,5.62498774600151,45.631725,8.296943993389865,404.0,442.0,8.082334,8.440692108651932,408.0,446.0
FC_EMBIG_EG,06-May-2026,Egypt,648.260745,22106347344,22106347344,22178560812,2.805517375057347,12.343254,1.7541999999999947,2.659760644322362,-0.3604967410091753,20.0,2.0,B,Caa1,B,0.3450940910627809,0.15644444927815915,0.4875170703958709,1.4042241404871758,2.49940595000393,-0.8438994217422113,1.7665000000000042,2.621202663217992,-3.017388964352452,-0.012148767610353772,0.03757274983178238,2.739558365045447,7.749301,5.592454,12.343254,5.73316370422715,70.406799,8.211727597967062,366.0,430.0,11.858104,8.214671591430488,371.0,432.0
FC_EMBIG_SV,06-May-2026,El Salvador,846.354934,6612931000,6612931000,7116828709.3,0.9002561874215973,14.503244,0.5069999999999908,0.18379164890913735,1.7616015454928302,9.0,2.0,B-,B3,B-,0.4846900480214522,0.3046691250235156,0.16469973259887194,0.022225266617570405,-0.12051037347027282,1.5942764341321913,0.4953999999999903,0.0549615103464296,-1.0209622534661955,0.011520357932259806,0.12875927119231356,2.8112653203284266,8.634949,6.842662,13.577081,6.993458227446216,93.036514,7.773166349008924,319.0,383.0,14.519878,7.797952916275498,323.0,386.0
FC_EMBIG_ET,06-May-2026,Ethiopia,198.862057,1000000000,1000000000,1025000000,0.12965923865876713,0.591667,0.0,0.0,-4.329131766216198,1.0,1.0,,Caa3,,0.0195676457368954,0.05459258656439481,1.0522577559792357,-0.019563817558387875,-0.054562799320967414,-5.325352531888217,0.0,0.0,-4.329132086360299,0.0,0.0,0,6.625,0.561063,0.591667,0.5684779934702546,0.694066,5.2321336362542255,147.0,150.0,0.591667,6.097117,234.0,236.0
FC_EMBIG_GA,06-May-2026,Gabon,409.88495,1964682000,1964682000,1787970634.3,0.22617259627574007,3.522526,1.0964999999999892,2.27785589965237,14.304516879965545,3.0,1.0,,Caa2,CCC-,0.222099319068092,0.08967682186986625,0.3656300282824265,0.8724732256853773,2.186218388195682,13.888105945019479,1.0998000000000063,2.2365421937289076,11.408188129217356,-0.0032058819425362373,0.04040960784477132,2.599744350570754,7.617685,2.834763,3.522526,2.842363412209268,11.115651,11.065715452829817,713.0,736.0,3.484265,11.193899578620485,726.0,749.0
FC_EMBIG_GE,06-May-2026,Georgia,346.857395,1000000000,1000000000,983771390,0.12444395067480693,3.415278,0.28159999999999297,0.35357178739303663,2.8213441923480076,2.0,2.0,BB,Ba2,BB,0.2368543790348232,0.09507700225006577,0.054897921986296616,0.044600650268611375,0.2582494541292002,2.7649287404656775,0.27280000000000637,0.3064208288116488,1.2357871564936174,0.008767829342604117,0.04700814691764865,1.566199256036982,4.563486,3.016275,3.415278,3.0232195134328483,12.483652,5.584735373819084,164.0,188.0,3.417569,5.687283048690677,174.0,198.0
FC_EMBIG_GH,06-May-2026,Ghana,304.439519,6652264742.9,7011766320,6423874352.6,0.8125996661396475,4.705355,0.5174000000000012,1.240877448928046,2.7205026918017294,2.0,1.0,B-,Caa1,B-,0.29022338073549925,0.12962737746364805,0.3279512174522825,0.22648736999610897,1.1098111464425742,2.3847292347797255,0.5120999999999931,1.2038925525676536,0.9302811106960407,0.00527213894674361,0.03654441840945655,1.773718833865967,5.0,3.753229,4.705355,3.774339685186912,23.043344,6.749604867083135,265.0,297.0,4.639584,6.828812418957068,273.0,305.0
FC_EMBIG_GT,06-May-2026,Guatemala,208.4961,9565000000,9565000000,9864216835.5,1.2477920437618764,10.818467,0.47919999999999074,0.012079382698360064,2.0360272901414067,14.0,1.0,BB+,Ba1,BB+,0.48037519260089034,0.28974732092454936,0.09623748196834203,-0.0012178876004909078,-0.27686509896995837,1.9379255023641573,0.4706000000000099,-0.08271213614954309,0.06156872928613222,0.00849414413572891,0.09487109564820795,1.9732451680354535,5.836051,6.695635,10.602859,6.798344761873609,84.871713,5.730908887431636,121.0,180.0,10.755238,5.765529405729066,126.0,184.0
FC_EMBIG_HN,06-May-2026,Honduras,256.411386,2200000000,2200000000,2389078747,0.3022108599335233,4.846465,0.10479999999999379,-0.017103568817955495,2.806941915726946,3.0,1.0,BB-,B1,,0.2890120625983261,0.1402432293260869,0.4066267662747203,-0.18365954751414781,-0.1571263732281114,2.390594727291395,0.08900000000000574,-0.1283518675652906,0.4991277619240453,0.015808331408684317,0.1113912685506202,2.296352221781617,7.148207,3.776355,3.853794,3.7439875508423865,24.573277,6.046372627785317,192.0,225.0,4.960412,6.111589098380539,199.0,231.0
FC_EMBIG_HU,06-May-2026,Hungary,419.655174,22017007825,22017007825,22329046401.9,2.8245533233635887,10.023932,0.592400000000004,0.5530787232339796,2.655575382812092,16.0,4.0,BBB-,Baa2,BBB,0.43479322442321333,0.2414447640100903,0.2106185438075725,0.15688933366917457,0.31088360492557143,2.4398181003769226,0.5840999999999985,0.494770379926579,0.6993656352898059,0.008182735843820232,0.058021070630775995,1.9426186571493087,5.734003,6.242261,10.42485,6.357157269584434,78.716289,5.454242282169528,97.0,152.0,9.702274,5.475492398000902,101.0,155.0
FC_EMBIG_IN,06-May-2026,India,166.633746,6000000000,6000000000,5983541530,0.7568989651345509,7.525,0.46269999999999367,0.6166175208340174,0.8258591585354802,7.0,1.0,BBB,Baa3,BBB-,0.39144421788177564,0.18266745575363785,-0.697637014758623,0.07093094534187383,0.4331590668465113,1.5342001928974724,0.456600000000007,0.5513646460528987,-0.6527648569208622,0.005985511961248413,0.06489456121601123,1.4883383810227135,4.354415,5.422636,7.525,5.4944672236958665,55.270724,5.024468387389438,71.0,114.0,7.657496,5.03835192063394,74.0,116.0
FC_EMBIG_ID,06-May-2026,Indonesia,447.211124,33374776459,33374776459,32278397576.7,4.083114590164606,12.181441,0.580399999999992,0.6062505135639107,-0.2785535146759055,101.0,7.0,BBB,Baa2,BBB,0.5036266663679401,0.31219397970487783,0.26519510134015434,0.07635554082257023,0.2931416552133914,-0.5423103621400638,0.5744999999999889,0.531092246060827,-1.977614125143734,0.005793718697622019,0.07476125914804843,1.7333404475495584,4.830523,7.153303,12.383427,7.356109843016212,105.686497,5.446555757699414,82.0,150.0,11.512566,5.4640593893447695,85.0,153.0
FC_EMBIG_IQ,06-May-2026,Iraq,636.483573,675000000,2700000000,673999677,0.08525881461080485,0.936111,0.2043000000000017,0.2214734430820542,0.3899634820466513,1.0,1.0,B-,Caa1,B-,0.04818589426522912,0.06135097130819389,0.9411244253365592,0.15603891698721117,0.16002408130779688,-0.5460224984707329,0.19160000000000288,0.15967729238224315,-1.5946819385057043,0.012675713333254457,0.06169739269865637,2.016806559082074,5.8,0.865048,0.936111,0.8661937195808325,1.666512,7.313964471377668,352.0,358.0,0.936111,7.675115,389.0,394.0
FC_EMBIG_JM,06-May-2026,Jamaica,440.558258,3895769085.4,4314534000,4590453710.6,0.580677788505641,13.054467,0.227899999999992,-0.22677007555738093,1.800146860278673,3.0,1.0,BB,Ba3,BB-,0.5866610583106668,0.38767321864130455,0.21707277036158157,-0.356682626790239,-0.6120703985068032,1.5796454501562085,0.2123000000000097,-0.3388478402470696,-0.4737298554344127,0.015592928106511472,0.11245834278073019,2.284701890094709,7.704969,7.846996,13.054467,8.078826122898775,108.152519,5.829189472122776,118.0,188.0,13.477328,5.858998669724546,121.0,191.0
FC_EMBIG_JO,06-May-2026,Jordan,195.472769,5850000000,5850000000,6008726108,0.7600847341193533,6.215266,0.5336999999999925,0.6830657160036946,1.4101223538568908,6.0,1.0,BB-,Ba3,BB-,0.27374158075295085,0.1487862274946572,0.4392790918540834,0.25920132050960554,0.5334853559082697,0.9665973484694668,0.5252999999999952,0.6218934927438191,-0.8263982500654965,0.008323834131473973,0.060793412892024,2.2551542754149834,6.654832,3.874574,6.215266,3.952921491901048,37.774472,6.545473085002375,216.0,271.0,6.074364,6.547842265031626,220.0,273.0
FC_EMBIG_KZ,06-May-2026,Kazakhstan,297.30811,12906320000,12906320000,13075343166.1,1.6539893074270513,8.321084,0.33600000000000296,0.25069949003762027,1.2810431811411727,15.0,5.0,BBB-,Baa1,BBB,0.45373492070373,0.2441791537224569,0.2812979834340812,-0.11719822371859534,0.006504379729577181,0.9969407752876469,0.32479999999999176,0.19603623887241017,-0.4314965740076615,0.01113739340146136,0.05455648307695071,1.7199637038729731,5.152496,6.012485,8.321084,6.129072663422498,63.670237,5.158878044330191,74.0,129.0,8.391143,5.188905527126768,78.0,132.0
FC_EMBIG_KE,06-May-2026,Kenya,235.55384,9625158000,9625158000,9653525647.2,1.2211402788176946,9.168703,2.077299999999993,2.589408086099043,0.42938265220888727,9.0,1.0,B,B3,B-,0.4014007391186736,0.17616535463793603,0.08073491494198226,1.6692098600430194,2.4089992463361742,0.348367999438004,2.0909999999999984,2.5370117655437507,-2.465090663369729,-0.013394496011520651,0.05110072545555511,2.967634385808493,8.541588,5.621484,9.168703,5.697273456184494,50.307919,8.62269264065646,432.0,475.0,9.021077,8.658196996891567,436.0,479.0
FC_EMBIG_KG,06-May-2026,Kyrgyzstan,110.996467,1200000000,1200000000,1244310477,0.15740131619799747,4.431481,0.3090000000000037,0.3724397227585108,2.103836486116517,2.0,2.0,B+,B3,B,0.2862563182893796,0.10008316555145669,0.17853367503031237,0.02266129055059629,0.2720847525094161,1.9218745258975822,0.29319999999999347,0.2913922173390038,-0.464403256894963,0.01576871804254143,0.08081205914742817,2.580223454774355,8.054039,3.602409,4.431481,3.6091605116190237,16.4403,7.514090990361273,356.0,381.0,4.429787,7.5682087712868915,361.0,387.0
FC_EMBIG_LV,06-May-2026,Latvia,112.801334,1250000000,1250000000,1274189237.5,0.16118088433311714,8.227778,0.1514999999999933,0.2497397670177426,-0.03307997424748521,1.0,1.0,A,A3,A-,0.5153788227956424,0.23816939889464983,0.01297513881992618,-0.362013084024837,0.011542949874687736,-0.046045973928754425,0.13939999999998953,0.19633316849119176,-1.7533222972108575,0.012083156080433533,0.05330057748242911,1.750942994349458,5.125,6.560404,8.227778,6.61566090588421,52.978342,4.960872444070144,72.0,111.0,8.227778,5.001777,76.0,115.0
FC_EMBIG_LB,06-May-2026,Lebanon,168.281787,15264133000,15264133000,4033450748,0.5102186860032341,2.581625,2.5374000000000008,3.152895959523505,14.76620551960799,14.0,1.0,,C,,0.06351432299702697,0.05858059047840758,0.8553835226819517,2.4722782268866927,3.09250377753445,13.792837574786464,2.5374000000000008,3.1528965051289326,14.766194136753885,0.0,0.0,0,4.062988,1.304847,2.581625,1.3091289463177258,5.092352,134.33829577985213,13056.0,13060.0,2.596621,82.45718420800792,7848.0,7869.0
FC_EMBIG_MY,06-May-2026,Malaysia,486.301363,20900000000,20900000000,19465589110.5,2.4623350869383596,15.540603,0.6397999999999904,0.7541558994208497,1.3082544240662575,18.0,3.0,A-,A2,BBB+,0.586263434721146,0.3731115598825552,-0.009302272997946393,0.053234034560945,0.3796279976899797,1.3176778113729748,0.6302999999999948,0.6843688475838938,-0.290296505962373,0.009473680999572132,0.06931267577796607,1.6031989223489695,4.284337,8.77749,15.711503,9.031936775852765,152.950325,5.145108552457078,44.0,116.0,14.66631,5.157963234944106,46.0,118.0
FC_EMBIG_MX,06-May-2026,Mexico,987.40486,42830505957,42830505957,40852188318.5,5.167671838949548,14.463546,0.687900000000008,0.8758136220326174,2.5486871824577095,75.0,6.0,BBB,Baa3,BBB-,0.5028351685687493,0.2902671538179247,0.12527146415193258,0.18413775794938747,0.583851844040173,2.420383397949477,0.6818999999999908,0.7869588242295666,0.4141578918567923,0.0059388256497650005,0.08816120266836869,2.125731257015606,5.85118,7.150858,15.134106,7.294108848879386,100.999814,6.563336684789806,197.0,261.0,13.419329,6.536661531243682,197.0,260.0
FC_EMBIG_MN,06-May-2026,Mongolia,284.723387,2000000000,2000000000,2039216665,0.25795441975041,4.2375,0.1487000000000016,0.3137462527596169,3.3113675194825554,4.0,2.0,BB-,B1,B+,0.2847954317741097,0.11013268290407385,0.1930220417255546,-0.1357581244948891,0.20338945262408092,3.1123384836653,0.13339999999999463,0.22421705362389854,0.9616709953359726,0.015211397597569842,0.08932800731515922,2.327313929047903,6.433224,3.591097,4.2375,3.6013454838659937,17.360161,5.750186463264066,176.0,203.0,4.201337,5.832152785195114,184.0,211.0
FC_EMBIG_ME,06-May-2026,MONTENEGRO,119.682242,750000000,750000000,799378335,0.10111881591845163,4.836111,0.3541999999999934,0.6412733734936893,1.1236308029855202,1.0,1.0,B+,Ba3,,0.3202334911980076,0.10998111061737426,0.19593864982365705,0.03385808387792455,0.5307084926739369,0.9258765289991144,0.3387000000000029,0.5707340989654863,-1.1834034052951137,0.01544767871219932,0.07013836446776445,2.334659870967948,7.25,4.032616,4.836111,4.040678626626611,19.984315,5.830659382820646,185.0,212.0,4.844444,5.876743,190.0,217.0
FC_EMBIG_MA,06-May-2026,Morocco,173.312821,6250000000,6250000000,5910829332.5,0.7477011035062038,9.993667,0.43960000000000665,0.6192783259964862,1.0231695091704518,6.0,1.0,BBB-,Ba1,BB+,0.43527667082423616,0.26121411932449323,0.19814148889578664,0.0042880282702162376,0.35713096501066577,0.8233954755805462,0.43159999999999865,0.5712995537594967,-0.6800313287394388,0.007915706427552571,0.04770604627384323,1.7148628268015997,4.831506,6.05281,9.993667,6.2063596123691145,77.922326,5.636202256940106,109.0,172.0,9.125657,5.657545520176941,113.0,175.0
FC_EMBIG_MZ,06-May-2026,Mozambique,220.916675,900000000,900000000,759717000,0.09610178323524157,3.602778,1.3932999999999973,1.847212231066142,0.9886121146303273,1.0,1.0,CCC+,Caa2,CC,0.21488976695074324,0.08904817278156951,0.4169266443338815,1.175883379994369,1.7565996293580355,0.5693106944788973,1.3849,1.7523705079332874,-2.7142378930381073,0.008285257469298202,0.09320919251494253,3.8061575462869257,9.0,2.765747,3.602778,2.7703600650626776,10.614708,14.829804782365594,1090.0,1113.0,3.602778,15.118441000000002,1119.0,1142.0
FC_EMBIG_NG,06-May-2026,Nigeria,328.713907,18547465000,18547465000,20239605836.9,2.5602457400663066,9.925939,0.38169999999999593,1.0376446771271253,4.851758660729377,15.0,1.0,B-,B3,B,0.4204333807596772,0.21397800000082512,0.14210304052424405,-0.03859219071006281,0.8219080321515415,4.702972363615254,0.3691000000000111,0.9753865698898911,2.2022739138322533,0.012515689240344408,0.061656614158800416,2.5923895079762893,8.143047,5.681804,9.925939,5.799973816872445,62.538904,7.147125783215574,270.0,326.0,9.943008,7.15902217875788,273.0,328.0
FC_EMBIG_OM,06-May-2026,Oman,174.546565,21729168470,21729168470,22990386152.2,2.908210697533041,8.222536,0.32920000000000726,0.2872143299396779,1.3562211236874289,18.0,5.0,BBB-,Baa3,BBB-,0.39197162163371324,0.23562090313278272,0.2809476930827781,-0.06253202280881442,0.05147239765233014,1.072260623995569,0.3174999999999928,0.2274154229448211,-0.5835724407455056,0.01164717322761355,0.0596635417753788,1.9511793550559542,5.974737,5.366383,8.222536,5.508612572861357,66.049344,5.350602266588674,83.0,147.0,8.471483,5.379805368562199,88.0,151.0
FC_EMBIG_PK,06-May-2026,Pakistan,745.140736,5200000000,5200000000,5243135286,0.6632399310904169,6.623665,0.9594000000000102,1.1009374309705056,1.8425500123627758,5.0,2.0,B-,Caa1,B-,0.24135991139409008,0.11532835990399892,0.4509941120721672,0.716302499651178,0.9844737356509814,1.3853081717009719,0.9557999999999955,1.0346953696881211,-0.7834507161162629,0.0035998200970777106,0.0655637452915192,2.6467366710897,7.575599,3.725909,6.623665,3.7824945247237953,33.005569,8.10376555214838,381.0,427.0,6.472991,8.142433889220138,389.0,432.0
FC_EMBIG_PA,06-May-2026,Panama,1761.189672,23152799581,23152799581,21698793271.4,2.744828307696867,15.888662,0.5384999999999973,0.537088178353029,4.760777661752891,23.0,4.0,BBB-,Baa3,BB+,0.5767272475107443,0.3632818513320757,0.09936395069360948,-0.0380104086382671,0.17317719761051897,4.656786425010262,0.5292000000000074,0.45264415940935443,2.8206431218691153,0.009285089703103822,0.08406355552583733,1.8869109982631471,5.154236,8.513687,16.142185,8.723701368149628,138.696998,5.7645262491027935,111.0,176.0,14.940576,5.777066213179909,114.0,178.0
FC_EMBIG_PG,06-May-2026,Papua New Guinea,199.294243,500000000,500000000,526193540,0.06656180856932833,2.397222,0.05159999999999609,0.2224540094763583,3.7409186595024346,1.0,1.0,B-,B2,,0.1662159889432857,0.08026851510607447,0.43061621770341674,-0.11442579497655814,0.14207164700084096,3.296109397374103,0.02969999999999917,0.09003922841144263,0.9379096751464866,0.021893497631197967,0.1322958495135751,2.7769622750519307,8.375,2.155381,2.397222,2.160275622810062,5.88638,6.097792956139144,222.0,240.0,2.408333,6.202938,233.0,251.0
FC_EMBIG_PY,06-May-2026,Paraguay,190.300371,6496355000,6496355000,6476691528.1,0.8192808707897683,15.45687,0.7856000000000085,0.8975335054844491,0.5429174875102083,9.0,1.0,BBB-,Baa3,BB+,0.6238722246540762,0.39636844848423003,-0.21623075337808828,0.16071986053505238,0.4991863627141324,0.7607933055048033,0.777899999999998,0.8142860885646197,-1.32764593635466,0.007617516951263781,0.08257599994017095,1.8957347195095897,5.408723,8.887815,14.913194,9.146791027003237,139.184287,5.73181103986951,103.0,178.0,15.416537,5.750144439864312,106.0,180.0
FC_EMBIG_PE,06-May-2026,Peru,1599.153239,22410297830,22410297830,20023159166.4,2.5328659249290353,19.907765,0.6186000000000025,0.5445059795959661,2.1366569159457116,18.0,3.0,BB+,Baa2,BBB,0.6224983891625513,0.3944063678032128,-0.08391398043442466,-0.003841339349552886,0.14950998318756792,2.222435625020136,0.614300000000001,0.4650143886699043,0.30506996379562334,0.00428037556818861,0.07912349332488411,1.826015336376785,4.907318,9.17129,20.197198,9.420097374616008,159.549422,5.861194638051184,118.0,186.0,17.674582,5.833377433931297,116.0,184.0
FC_EMBIG_PH,06-May-2026,Philippines,1047.697032,24550336983,24550336983,23408493988.1,2.961100008440137,11.191626,0.5695000000000006,0.6311470489879234,-0.35585339527172133,36.0,1.0,BBB+,Baa2,BBB,0.5358203736992362,0.31932922713751033,0.12737989198281507,0.03347233259523019,0.31082517777889507,-0.4826187798244619,0.5627000000000049,0.5552821036785005,-2.0556525524805913,0.006741277450972305,0.07544599826418974,1.735471664535071,4.883967,7.29257,11.191626,7.493446213211442,95.70997,5.267913117727044,68.0,136.0,10.621537,5.291101335323371,72.0,138.0
FC_EMBIG_PL,06-May-2026,Poland,814.879164,23178421581,23178421581,23563893499.1,2.9807575521284315,13.100988,0.5382999999999916,0.4662474321226462,0.7256146584903256,16.0,2.0,A-,A2,A-,0.5172650080103702,0.30921218259518657,-0.04167997116548694,0.020929620739607024,0.15655113349630767,0.7676140674971244,0.5290000000000017,0.3868851159443576,-1.1082223816730408,0.009259572689357398,0.07905682675350967,1.8543874610274402,5.41157,7.576197,14.535972,7.691675853990533,110.048813,5.444738962507708,87.0,147.0,12.756957,5.434572341589271,88.0,147.0
FC_EMBIG_CG,06-May-2026,REPUBLIC OF CONGO,110.931451,700000000,700000000,707311500,0.08947265422886887,6.766667,1.300699999999999,2.5360864209751144,10.931450999999992,1.0,1.0,CCC+,Caa2,CCC+,0.3692307377155535,0.15201928941510623,0.18824262204457654,0.928042643585214,2.3804476435914212,10.723021359855235,1.3017999999999974,2.480169696252732,10.019149000000006,-0.0010858642195854529,0.05456321759047533,0.8292197993356121,9.5,4.749026,6.766667,4.779394341932152,30.720387,9.585927749057793,546.0,580.0,6.775,9.644832,552.0,585.0
FC_EMBIG_RO,06-May-2026,Romania,201.343175,22302614406,22302614406,21932141052.4,2.7743460595227827,9.551642,0.6623000000000046,0.6714052847564433,0.17577501474763668,18.0,1.0,BBB-,Baa3,BBB-,0.42775626864326455,0.23082906297460237,0.30091488505255004,0.2335833153149336,0.4395616678630754,-0.12476553648956834,0.657299999999994,0.6158406613580247,-1.776475305366021,0.004984880757263888,0.055224961451383336,1.987557512691085,5.757944,5.939326,9.551642,6.056279070592705,66.860802,6.230892131753382,179.0,233.0,9.134512,6.254081375095791,183.0,236.0
FC_EMBIG_RW,06-May-2026,Rwanda,123.704441,620000000,620000000,591806876.4,0.07486168685565572,5.244444,0.8679000000000103,1.1423417056944496,3.36632394426184,1.0,1.0,B+,B2,B+,0.34985499539754716,0.12360744265891288,0.17260969263808157,0.5162389169632853,1.0174760094474378,3.188211766628224,0.8639999999999981,1.0926159298651372,1.3448070071871099,0.0038665926396008743,0.04918816688925798,1.9946933589413796,5.5,4.401313,5.244444,4.415409270854169,23.537284,6.690000777485955,267.0,296.0,5.252778,6.766287,275.0,304.0
FC_EMBIG_SA,06-May-2026,Saudi Arabia,127.584461,41132091546,41132091546,39704592923.9,5.022504672948607,10.711033,0.4633000000000109,0.3710144058286957,0.17086630260434443,64.0,4.0,A+,Aa3,A+,0.4278257626020521,0.25412850838093526,0.2299600498722798,0.03535650055768169,0.11659001562618343,-0.05895590374309645,0.45479999999999965,0.3204217984651869,-1.464064629955275,0.008490952899675719,0.0504317706106816,1.659222840147745,4.706064,6.219877,10.893431,6.364233600700848,85.910417,5.419905100196767,88.0,148.0,10.026403,5.421980088383257,90.0,150.0
FC_EMBIG_SN,06-May-2026,Senegal,181.089082,3150000000,3150000000,1837447578.5,0.23243127229629784,10.090917,0.4118999999999984,-1.0149557763802775,2.3657153870700887,3.0,1.0,CCC+,Caa1,,0.3559580010660257,0.18084305808796497,0.23252830470574803,0.05573993431711166,-1.1936400896524701,2.1282397892617766,0.3949999999999898,-1.1919777470690396,-1.645646195026651,0.01683994762646801,0.17915693423036227,4.0784752173400385,6.932168,4.620903,10.090917,4.701857316579422,42.466678,17.952796107508,1378.0,1417.0,9.742146,17.358400478874195,1302.0,1354.0
FC_EMBIG_CS,06-May-2026,Serbia,103.188396,4450000000,4450000000,4512439607,0.5708092526217429,5.963858,0.3641999999999923,0.4642447121557369,1.5776297519841886,4.0,1.0,BBB-,Ba2,BB+,0.3853168995336276,0.16682738252431495,0.15622259529990412,-0.02107194528798706,0.29692190630838944,1.419185395836009,0.35609999999999253,0.4148386818790373,-0.17700920692431676,0.00801919185875466,0.04920351763380015,1.7577465916606139,5.247544,4.892215,5.963858,4.922727391008778,32.855843,5.275207631822545,114.0,148.0,6.032213,5.321606689563267,118.0,152.0
FC_EMBIG_ZA,06-May-2026,South Africa,1094.91476,22249290579,22249290579,21657241184.8,2.7395721009458356,13.783894,1.0434000000000054,1.4905800923416646,0.6054144381927307,20.0,3.0,BB,Ba2,BB-,0.4663298322688858,0.27728657208268004,0.23550982301363543,0.5743676229030159,1.209938505986563,0.3690354733733914,1.0415000000000063,1.4199480921182062,-1.5933835868772173,0.0018519789647619689,0.06964318322169039,2.2344014355942132,6.15058,7.002769,13.783894,7.211337362039029,103.137644,6.820693213779423,217.0,285.0,13.358702,6.822994153051865,219.0,286.0
FC_EMBIG_LK,06-May-2026,Sri Lanka,275.163283,8622262795,9478141984,8027704532.9,1.015479080894119,7.233871,1.7166000000000015,2.1029115754659378,6.052228981898411,6.0,1.0,CCC+,Caa1,CCC+,0.4373524310576249,0.20053741234320466,0.15479115151528777,1.2736970560617955,1.8985669292334029,5.888322404609814,1.722800000000002,2.079712502354991,4.736805116069953,-0.006074249071319482,0.022726815664309008,1.2559323114385235,3.51988,5.822174,7.233871,5.8782940463839175,48.701491,6.3343342834114305,207.0,244.0,7.232694,6.335709297697678,208.0,244.0
FC_EMBIG_SR,06-May-2026,Suriname,188.70678,1840000000,1840000000,1978379853.4,0.25025875665335356,8.067814,0.5646999999999958,-0.13682034137025845,3.469627014772403,2.0,1.0,CCC+,Caa1,,0.4474350816489281,0.21498200280378743,0.06130562280837193,0.11675478617225732,-0.35104800579150996,3.4062342266081513,0.5432000000000103,-0.2915905724772294,0.8002025785386113,0.021423695364575224,0.1552222263733194,2.648234587425491,8.279208,5.810562,8.067814,5.861315240576035,46.135624,6.980633142635713,276.0,312.0,8.11727,7.035624819561223,281.0,318.0
FC_EMBIG_TT,06-May-2026,Trinidad And Tobago,187.528108,3835000000,3835000000,4007663635.2,0.5069566982770499,6.575301,0.4965000000000108,0.5268996411925908,4.04118272622207,6.0,3.0,BBB-,Ba2,BB,0.3972159513455642,0.16905524724624144,-0.14577409596403523,0.09887846463214611,0.3572401394410285,4.193066985931249,0.4885000000000028,0.4286477128462751,1.8014317791193335,0.007931202673105986,0.09783313400009153,2.2001106543586557,6.658337,5.097409,5.80863,4.70886184692947,33.773995,5.829051614720729,166.0,201.0,6.059898,5.885145206242348,172.0,207.0
FC_EMBIG_TR,06-May-2026,Turkey,1255.867816,31983724689,31983724689,32495391188.6,4.110563591636559,7.119255,0.8178000000000019,0.8834608495523311,-0.11275672957937743,52.0,7.0,BB-,Ba3,BB-,0.3360177201930492,0.16932538466372105,0.449733134399799,0.4802085228400088,0.7129282934575043,-0.5599714940159761,0.8113000000000037,0.7863486698132416,-2.533838122624099,0.006496608097306122,0.09635411044466302,2.484024228430104,7.213542,4.686009,6.894501,4.6609077597024005,39.207361,6.7455025423190875,246.0,290.0,6.540447,6.768239748181898,250.0,293.0
FC_EMBIG_AE,06-May-2026,UAE,122.458888,17245124009,17245124009,15830276148.3,2.002479564041882,12.006089,0.5158999999999914,0.49362876014922286,-1.0683591288659477,81.0,12.0,AA-,A1,AA-,0.5058268555345968,0.29931395719289267,0.1938995478938832,0.010033592333957841,0.19373549015586633,-1.2598120400778345,0.5074999999999941,0.4471052042952284,-2.593873083303977,0.008354611229588471,0.0463174610868311,1.5661419260898368,4.204825,7.172429,12.183259,7.354679175512323,103.570795,5.3673481948575805,79.0,143.0,10.980443,5.373948189924733,81.0,144.0
FC_EMBIG_UA,06-May-2026,Ukraine,597.910088,20159439981,20159439981,13300452022.7,1.682464861547026,6.975943,1.3873999999999942,2.9994277883143905,4.458855217699909,11.0,3.0,CCC+,Ca,CCC,0.3812658652452505,0.16340796672005276,0.41679201938142896,1.0023189448202796,2.8313931002520887,4.02528683693959,1.392900000000008,2.9854683715925034,2.832812754551184,-0.00544366997597967,0.013554007367133636,1.5812450516299759,3.662677,4.954931,6.975943,4.994695207955074,34.836971,12.872229978085588,869.0,905.0,6.610813,12.972619649837412,879.0,915.0
FC_EMBIG_UY,06-May-2026,Uruguay,557.840894,17387808139.5,17810754588,17395299478.8,2.20045003576936,16.05388,0.5595000000000017,0.25838040700039144,0.7101378470871778,10.0,1.0,BBB+,Baa1,BBB,0.6126669105240623,0.413899451537425,-0.005404456908897348,-0.05281576186858539,-0.15487799237734468,0.7155804709321645,0.5506000000000011,0.1708256769388905,-1.1448603156017811,0.008834569649596169,0.08740531892494907,1.8764792347382375,5.415215,8.924328,16.525979,9.192031594876582,149.649386,5.347409243476922,64.0,136.0,15.374836,5.3612549671570875,66.0,138.0
FC_EMBIG_UZ,06-May-2026,Uzbekistan,144.5057,6500000000,6500000000,6741258028.9,0.8527476913395048,4.083487,0.20759999999999668,0.3955512060406452,2.3373335761382563,11.0,3.0,BB,Ba3,BB,0.277751553461858,0.10674045825878054,0.25581249742834267,-0.06992592338834758,0.2885029975556064,2.0762077736390383,0.19299999999999873,0.3325817510275719,0.24226079803977285,0.01462093945026055,0.06276071175457254,2.0900092275092597,6.377756,3.506905,4.076279,3.5021357320312947,16.270985,5.420332124826851,144.0,171.0,4.079847,5.486168379216456,151.0,177.0
FC_EMBIG_VE,06-May-2026,Venezuela,1456.394238,25947204419,26769665645,13213530222.1,1.6714695303350902,2.635229,-2.4063999999999974,3.326125406551861,69.7160973021195,20.0,2.0,,C,,0.09745958331341953,0.06290593819033852,0.7845940661766582,-2.5014373678919566,3.261168010055915,68.3948803012171,-2.4063999999999974,3.3261257102677577,69.71609614917698,0.0,0,-0,6.010144,1.576621,2.635229,1.5812679025565477,6.654305,56.07584584836791,5225.0,5234.0,2.595895,41.13256738724254,3967.0,3735.0
FC_EMBIG_ZM,06-May-2026,Zambia,168.868214,2579838791.8,3083268867,2174354309.2,0.27504890176233787,15.615636,0.7832999999999979,0.7834478537929623,0.6170133842360981,2.0,1.0,CCC+,Caa2,B-,0.7152657107625915,0.5804342041523025,-0.19748463219829704,0.06751958841122452,0.20184236338931516,0.8161078043680048,0.7832000000000061,0.7532525937304246,-0.5958820628215289,0.00002,0.029969104927229928,1.2201538696162695,3.463079,12.007716,15.615636,12.563102651275171,305.529194,2.5842027408552437,-236.0,-153.0,13.428801,2.5169858814731745,-249.0,-162.0
,,By Credit Bucket,,,,,,,,,,,,,,,,,,,,,,,,,,,,,,,,,,,,,,
FC_EMBIG_CREDIT_IG,06-May-2026,Investment Grade,685.622959,396457516544.5,396880462993,383432402977,48.502978972774244,12.422585,0.525500000000001,0.4690278185246033,0.8172044515351917,606.0,80.0,BBB+,Baa1,BBB+,0.49535684958526005,0.30060525274755445,0.15154502447380924,0.03003814218620615,0.16791784283731737,0.6646523169747454,0.5176000000000069,0.40087509990611725,-0.9117923120845584,0.007920158288166057,0.06788136085422725,1.7449027009714957,4.968017,7.128492,12.48728,7.2495951644065775,102.374859,5.483617559425672,90.0,153.0,11.566965,5.489096356125695,92.0,155.0
FC_EMBIG_NONIG,06-May-2026,Non Investment Grade,1674.779798,443523596952.1,451503655384,407101314946.2,51.49702102722576,8.750697,0.7594000000000101,1.197980285827649,3.979584356949295,439.0,84.0,B+,B1,B+,0.39311869616700523,0.1825727464068061,0.22544910005473096,0.36479874878874163,1.0135569918800602,3.7456910938203025,0.7538999999999962,1.1304702153361434,1.8236427976021652,0.005394712842909932,0.06675534608326927,2.117331412516288,6.375775,5.493351,8.68992,5.576448258712574,59.798796,8.38706573326786,403.0,451.0,8.916691,7.688044699109782,330.0,380.0
,,By Sub Credit Bucket,,,,,,,,,,,,,,,,,,,,,,,,,,,,,,,,,,,,,,
FC_EMBIG_CREDIT_A,06-May-2026,A,466.04142,124791414147,124791414147,119440250884.8,15.108811702371794,11.857378,0.47880000000000145,0.41770115627624005,0.5992490605388756,180.0,26.0,A,A1,A,0.47059172602601507,0.2895825891644721,0.14968954182095207,0.008206793666865053,0.1277485099607345,0.4488873934982429,0.4706000000000099,0.3571366241192697,-0.970232875712207,0.008207900781798116,0.06034870215252397,1.5848574312422592,4.444349,6.923807,12.00598,6.99986138791141,101.879401,5.232607219796618,64.0,127.0,10.976529,5.233360137919194,66.0,129.0
FC_EMBIG_AA,06-May-2026,AA,120.496492,13021952594,13021952594,11786758492.4,1.4909874462298351,12.753491,0.5120000000000013,0.4631100684283851,-1.172508727951782,54.0,6.0,AA,Aa2,AA,0.5189345170987902,0.3219304851199922,0.17678165739403173,-0.006864837417575043,0.14072655736250272,-1.3469070863328492,0.5034999999999901,0.41798929803034124,-2.6334336878526043,0.008477232388148792,0.04493130213918395,1.500439158685718,3.965515,7.465036,12.974569,7.668185353781828,114.236117,5.248329110296159,63.0,129.0,11.594197,5.260774131080442,66.0,131.0
FC_EMBIG_CREDIT_B,06-May-2026,B,885.932982,134437604967,136978500389,137274574005.1,17.36479683190841,8.940959,0.8761999999999937,1.285618082740081,2.799450537840653,134.0,33.0,B,B3,B,0.3711368990811703,0.17981322701476898,0.3352912990530976,0.5031665581425537,1.1038200440767643,2.4559248855544613,0.8720999999999979,1.221246691706912,0.25756135330918806,0.004085136138987089,0.06359410096281604,2.5353579384242986,7.516019,5.21195,8.840984,5.281762035730136,51.37128,7.667266573865576,329.0,379.0,8.810478,7.676738497441709,332.0,380.0
FC_EMBIG_CREDIT_BB,06-May-2026,BB,862.561953,195425672503.4,195844437418,195470518847.3,24.72639868680142,10.489166,0.6369000000000069,0.7289763193621512,1.7135359576859077,227.0,35.0,BB,Ba2,BB,0.4426543271830452,0.24467665305321074,0.34049684834422944,0.19334027524329223,0.4831175684547384,1.3683800745091013,0.6291000000000047,0.643439578589855,-0.4522176538520162,0.007716673999613732,0.08499017414309584,2.1755874679406872,6.258618,6.175048,10.550783,6.284015244497031,74.094045,6.451538101040996,196.0,254.0,10.162709,6.449084292983978,197.0,255.0
FC_EMBIG_CREDIT_BBB,06-May-2026,BBB,919.295699,258644149803.5,259067096252,252205393599.7,31.90317982417263,12.678628,0.5482999999999905,0.49361837067183334,1.107744290695134,372.0,49.0,BBB,Baa2,BBB,0.5057805721174979,0.30497065690098246,0.1398408521738892,0.04231734920685515,0.18807403907008524,0.9665523505787421,0.5406000000000022,0.4208654692573699,-0.7218200904171135,0.007681285651317538,0.07244855836499031,1.8428703813493152,5.262869,7.209699,12.688339,7.348302186862323,102.055167,5.60581896288332,102.0,166.0,11.845312,5.615603223257968,105.0,168.0
FC_EMBIG_CREDIT_C,06-May-2026,C,329.749523,100863872158.7,105061809028,67729939301.1,8.567621818711919,5.789878,1.1282999999999932,2.27005771655886,10.978726863464017,66.0,16.0,CCC+,Caa2,CCC+,0.3139514661059106,0.11379320424089734,0.0500572683961753,0.811846677401018,2.153813734190413,10.923201888793832,1.1300000000000088,2.239170852129213,9.520242312954142,-0.0015892639581904788,0.03021040206043768,1.3316996859723984,4.848739,4.404971,5.789878,4.460858985710354,39.799988,16.153354537930174,1204.0,1235.0,6.067192,11.912508473531227,764.0,805.0
FC_EMBIG_CREDIT_NR,06-May-2026,NR,1077.254333,12796447323,13618908549,6626282792.8,0.8382036898040098,3.539852,-1.7341999999999969,2.4542249988009246,44.28128561283262,12.0,4.0,,,,0.137297445152873,0.06350179314684734,0.2876706776160365,-1.8689181426619128,2.3892059136723764,43.867420230958174,-1.742100000000002,2.4486921021245056,43.739384652951976,0.008084604358704617,0.005400491665930041,0.3770016313333846,1.818216,2.33825,3.280505,2.211550161644234,17.105499,47.27825730264559,4344.0,4354.0,3.486342,24.910018458063078,2431.0,2107.0
,,By Sov/Quasi Sov/Corp,,,,,,,,,,,,,,,,,,,,,,,,,,,,,,,,,,,,,,
FC_EMBIG_QUASI,06-May-2026,Quasi,300.553877,148374743934,149197205160,138660129742,17.540065224073974,9.683344,0.33650000000000624,0.6183443941223388,2.8797454390519395,318.0,83.0,BBB,Baa1,BBB,0.4088647783238919,0.22244460384166498,0.13244034331594268,-0.07205817604704068,0.3950208216780826,2.7436713305162286,0.3263000000000016,0.5534199662948325,1.112884045000273,0.010173702423177389,0.06456629001438952,1.7474132714180968,5.07011,5.860545,9.445574,5.805906617467925,74.013249,6.563014251360359,210.0,266.0,9.055992,6.087821391146832,166.0,218.0
FC_EMBIG_SOV,06-May-2026,Sovereign,342.026402,691606369562.6,699186913217,651873588181.1,82.45993477592596,10.655489,0.7119000000000097,0.8910716609685343,2.3144714413144474,727.0,80.0,BB+,Ba2,BB,0.45164924965388487,0.23541470249328622,0.18813081564394984,0.2590577683495132,0.6541173857140148,2.122349004341384,0.7058000000000009,0.8218299211671942,0.33288538328759554,0.0060016795798256695,0.0686770970722339,1.9750144913924794,5.825459,6.377036,10.659123,6.511786066292038,81.818502,6.890524205953677,242.0,298.0,10.445953,6.55411040655722,205.0,263.0
