Bam Id,Date,Instrument,Index Level,Face OS,Original Face OS,Mkt Cap,Mkt Cap %,Daily Change (%),MTD Change (%),YTD Change (%),No. of Issues,No. of Issuer,Average S&P Rating,Average Moody Rating,Average Fitch Rating,UST Return Daily Change (%) ,UST Return MTD Change (%) ,UST Return YTD Change (%) ,Spread Return Daily Change (%) ,Spread Return MTD Change (%) ,Spread Return YTD Change (%) ,Price Return Daily Change (%) ,Price Return MTD Change (%) ,Price Return YTD Change (%) ,Coupon Return Daily Change (%) ,Coupon Return MTD Change (%) ,Coupon Return YTD Change (%) ,Coupon Amt,Spread Duration,IR Duration to Worst,IR Convexity to Worst,Weighted Avg Avg Life Wrst,Dur Wgt Yield Wrst,Dur Wgt STW (Trsy),Dur Wgt Z- Spread to Wrst
EMBIG,20-Aug-2026,EMBI Global,1037.306504,1450223131691,1464883924208.5,1337880497205.2,100.0,-0.1835000000000031,0.6360532198802726,1.906637557474733,968.0,151.0,BBB-,Baa3,BB+,-0.3518705952403889,0.3873200482549466,-0.5900889979624901,0.16900445106327044,0.24777341450723522,2.511547109393275,-0.21409999999999485,0.3462572909833428,-1.602139119141821,0.030668544261414077,0.2887953115158659,3.565909894515773,5.626753,6.12612,6.209328340841447,76.897018,10.064199,6.72875369607274,191.0,245.0
,,By Region,,,,,,,,,,,,,,,,,,,,,,,,,,,,,,,,,
EMBIG_AFRICA,20-Aug-2026,Africa,1788.573031,126898292032.1,128412877623,126449305091.4,9.451464862186914,-0.004899999999996574,1.1876229122004256,4.277690504416021,104.0,22.0,B+,B2,B+,-0.3252595336941555,0.3893854132895447,-0.37944377602394663,0.3214212720368481,0.7951413932366203,4.67487267862654,-0.06260000000000154,0.7993342530372871,-0.41693934510537156,0.057750308932935646,0.3852103491539305,4.714286031971948,7.405855,5.67121,5.78629222919635,64.801939,10.15472,7.712255264293947,292.0,345.0
EMBIG_ASIA,20-Aug-2026,Asia,866.888995,253492434294.9,254348313483.7,238753626629.4,17.84566163630771,-0.08639999999999759,0.7202191255496482,-0.504321864095536,251.0,37.0,BBB+,Baa2,BBB,-0.3587257330934679,0.4044364852351823,-0.550657202572602,0.2732860936166759,0.31451060300133893,0.04659164410987238,-0.10499999999999954,0.4831208595345471,-3.412333630708164,0.01856281238212798,0.23595705029715308,3.0107453492513425,4.535789,6.239324,6.234159299755836,80.078037,9.319283,5.672088525759212,80.0,140.0
EMBIG_EUROPE,20-Aug-2026,Europe,1350.570875,236192591974,236192591974,229540708729.9,17.157041246165583,-0.2110999999999974,0.5648238731785327,1.5391952275663368,155.0,36.0,BB+,Ba1,BB+,-0.2952302548422714,0.39848274869374034,-0.32783054179573723,0.08442920006874743,0.16568093421314156,1.8731664947147841,-0.24880000000000457,0.24445328092455032,-2.349343737596399,0.03780303827787268,0.319589934355724,3.982093289853772,6.145216,5.393709,5.435931986314184,54.91421,7.974928,6.62922820951151,193.0,239.0
EMBIG_LATIN,20-Aug-2026,Latin,933.86376,592460436390.1,602557014127.9,522058255656,39.021292017228895,-0.31449999999999534,0.4735115514545196,3.967173812407565,322.0,42.0,BB+,Ba1,BB+,-0.39569367813486744,0.38088226127210856,-0.9725972445382092,0.08148419488389624,0.09227780982568046,4.988287056461482,-0.33490000000000464,0.1965797005085923,0.41750282125696536,0.02041630038840392,0.2763885530221222,3.534913034106668,5.671113,6.75182,6.871044521976761,90.883385,11.770248,7.138524440589354,230.0,284.0
EMBIG_MIDEAST,20-Aug-2026,Middle East,651.751166,241179377000,243373127000,221078601098.5,16.524540238110884,-0.051400000000001445,0.6891816481666035,-0.5932564016451813,136.0,14.0,A-,A3,A-,-0.3113022046974945,0.42080850061063657,-0.1441718536824177,0.2606873666049392,0.2672484993823332,-0.44973276713945465,-0.09590000000000432,0.4018671414238728,-3.7331155132299787,0.04448354406745292,0.2861639079659417,3.261615640867155,5.144294,5.546968,5.664887103811388,70.176266,8.957446,6.330116170756024,152.0,206.0
EMBIG_NONLAT,20-Aug-2026,Non Latin,1225.839459,857762695300.9,862326910080.7,815822241549.2,60.978707982771084,-0.09940000000000504,0.7403333807970647,0.7197433042198442,646.0,109.0,BBB-,Baa3,BBB-,-0.32371613054453796,0.3910444761118681,-0.3538106792876916,0.22503537937019757,0.34792828286698274,1.077365390485796,-0.13640000000000319,0.44252727340130527,-2.7659136576028587,0.03703461662738494,0.2964936662964046,3.584813537752596,5.598366,5.725724,5.785885122859478,67.946908,8.972469,6.4172089427625,162.0,215.0
,,By Country,,,,,,,,,,,,,,,,,,,,,,,,,,,,,,,,,
EMBIG_AO,20-Aug-2026,Angola,323.10677,12775263000,12775263000,13451932755.5,1.0054659428518276,0.14330000000000176,1.8918713446780977,13.132491828703419,9.0,1.0,B-,B3,B-,-0.3029571688960564,0.36814234303117477,-0.39140782896968096,0.44757904663024206,1.5181399267640616,13.577041569440107,0.07269999999999222,1.430163100254389,7.070374443737126,0.07051759439604677,0.45519993003633186,5.661808761558573,9.127487,5.296055,5.384425261467163,51.890497,9.708562,8.714253330484276,401.0,448.0
EMBIG_AR,20-Aug-2026,Argentina,420.504258,56169719033.6,63206532510,43547596543.3,3.2549690823845214,-0.9238999999999997,-3.8691117941072384,4.5836890438120115,6.0,1.0,B-,B3,B-,-0.2196956137898054,0.41950209456813603,-0.02689253490248955,-0.705709878347005,-4.270698642688786,4.611820690166146,-0.941000000000003,-4.096718791569376,1.8222147700664326,0.017277864804166043,0.237328461960562,2.7120570162149527,3.414024,4.352958,4.38402605044076,29.924716,5.815676,9.909426648327276,539.0,572.0
EMBIG_AM,20-Aug-2026,Armenia,226.212276,2000000000,2000000000,1978605695,0.1478910634494812,0.012199999999995548,0.6082295805375004,3.5160811330205988,3.0,1.0,BB-,Ba3,BB-,-0.23971068938908324,0.3863813496432167,-0.3750857129760421,0.2525131992646257,0.2209947639786547,3.905813663327895,-0.02929999999999877,0.3377149741064178,0.2995797959386648,0.04146434742662297,0.26960597934744257,3.206893131778865,4.964054,4.638591,4.66501212094486,29.729072,5.775294,5.871214527336927,139.0,171.0
EMBIG_AZ,20-Aug-2026,Azerbaijan,219.030672,1826578000,1826578000,1832925710.2,0.13700219967218566,-0.12389999999999901,0.6643019260924365,1.4772353920173398,2.0,2.0,BB,Baa3,BBB-,-0.16665003706173298,0.3983532164564707,-0.118746218919219,0.042799179548813626,0.2648945860751928,1.5978802552954363,-0.16840000000000188,0.3980942810138499,-1.6625955937140224,0.0445838605347193,0.2651546916144554,3.1929146657427854,5.036232,3.815133,3.8254522065851733,18.436758,4.372545,5.090899221821392,73.0,99.0
EMBIG_BH,20-Aug-2026,Bahrain,151.931767,30997656000,30997656000,29946974494.8,2.2383893447422,0.05910000000000082,1.124279515359894,-1.9989131700731022,31.0,2.0,B,B2,B,-0.26755384609861155,0.362636315577447,-0.2713176921320004,0.3275322034451911,0.7588913632426308,-1.7322929479323013,0.006499999999998174,0.7778276991197375,-5.9217466170989885,0.05263239472474979,0.34377914032677204,4.1697565329080755,6.257332,4.843612,4.899434455124234,40.634646,6.926815,7.382375702255191,277.0,317.0
EMBIG_BB_CTRY,20-Aug-2026,Barbados,114.701256,500000000,500000000,536411110,0.04009409742652976,-0.2322999999999964,0.11840552073554278,5.446774654748787,1.0,1.0,B+,B2,B+,-0.2725000157518087,0.41120287177449644,-0.4342802734037865,0.04030986012699689,-0.2915992641863929,5.906702256790197,-0.2557999999999949,-0.2566105808063379,0.6205244218794093,0.023560267163391657,0.37598156670750615,4.796479780718821,8.0,5.026118,5.036049435229151,32.742862,6.580556,6.787618504877999,231.0,263.0
EMBIG_BJ,20-Aug-2026,Benin,131.570929,2100000000,2100000000,2198018127,0.16429106572609292,-0.015799999999999148,2.267781565458149,5.947278745201423,3.0,2.0,BB-,B1,B+,-0.42456828506834965,0.3323184686764735,-0.48270451860688013,0.41052779910255577,1.929052221458627,6.461165537802427,-0.07679999999999909,1.8959577148707663,1.1656659058831176,0.06106287599834115,0.36490724648490236,4.726515398600317,7.670595,6.915852,7.001101993415917,65.890998,10.295388,7.118271675728747,241.0,282.0
EMBIG_BO,20-Aug-2026,Bolivia,237.723326,2516700000,2850000000,2555171640.5,0.19098653772423332,-0.30280000000000307,0.7074109458714117,11.211955845915789,3.0,1.0,CCC+,Caa3,CCC,-0.08497188494699381,0.3622424230905308,0.9543579001646263,-0.21803188194756684,0.3439217748517187,10.160627802067301,-0.33199999999999896,0.34441212146540945,6.710537709070041,0.02923846535733965,0.36175055742082574,4.218337502819192,7.518493,2.474571,2.4526887808861244,9.527594,3.015794,8.636527288450571,437.0,458.0
EMBIG_BR,20-Aug-2026,Brazil,1721.684139,51032337000,51032337000,49048151970.3,3.66610860033812,-0.3375000000000017,0.36991419940766157,1.7041082307792443,22.0,2.0,BB,Ba1,BB,-0.37436445387191153,0.41757021705461916,-0.8740883008988898,0.037044695358767754,-0.04745790196473143,2.6009312621896763,-0.35920000000000396,0.06832845440494228,-2.0857906527485093,0.021835956162408188,0.30137975996489264,3.870634263052275,5.867114,6.448648,6.567429939363407,78.224326,10.741172,6.649145144044288,183.0,238.0
EMBIG_BG,20-Aug-2026,Bulgaria,108.836322,1500000000,1500000000,1466298330,0.1095986026452321,-0.05349999999999522,0.484913333957504,-0.7597071962284763,1.0,1.0,BBB+,Baa1,BBB+,-0.5021951080957154,0.30485637246246977,-1.4604640060383423,0.45095980618183873,0.17951008714129912,0.7111463094583215,-0.09839999999999849,0.2037188747911367,-3.9213257567896287,0.044944225117515835,0.2806234476165681,3.2906566777674895,5.0,7.821703,7.914960452187869,78.269278,10.530556,5.547424,82.0,122.0
EMBIG_CM,20-Aug-2026,Cameroon,124.725646,550000000,550000000,557679831.5,0.04168382995827902,-0.1986999999999961,1.589752266944533,7.133734977894579,1.0,1.0,B-,Caa1,B,-0.07858341192465979,0.3631017621699595,0.7393465716004632,-0.1202110540231005,1.2222111169024386,6.347459114060228,-0.27810000000000334,1.0619853606715468,1.014880428648124,0.07962142718902498,0.5222168273628647,6.0573765538200375,9.5,2.439825,2.444403843247851,9.104064,2.933333,9.050534,478.0,498.0
EMBIG_CL,20-Aug-2026,Chile,420.082456,58508361201,58508361201,50817789511.8,3.798380320066331,-0.24199999999999777,0.8408509794628927,-0.6538940061667109,49.0,6.0,A-,Baa1,A-,-0.5373667525706893,0.4179485338308364,-1.4008722967657983,0.2969449513690714,0.4211421800941917,0.7575913547690272,-0.2585999999999977,0.5941391786151939,-3.6833044702983098,0.016613343376947753,0.24525302071798372,3.1452590056123775,4.44978,8.571473,8.698344024165214,135.991795,14.031191,5.899417026481758,90.0,157.0
EMBIG_CN,20-Aug-2026,China,626.179386,55900000000,55900000000,53572523995.5,4.004283200735123,-0.11419999999999764,0.3680398553801867,0.5587034063887053,66.0,18.0,A+,A1,A,-0.20145943576190817,0.4008350217550527,0.10613553201286319,0.08746135879227346,-0.03266450590441172,0.45208748568459356,-0.1363000000000003,0.17657854157149266,-1.69157659123218,0.022185471354352337,0.19112228815338916,2.289002629745207,3.52663,4.467463,3.883124849484749,39.664815,4.941548,4.739657219208767,3.0,54.0
EMBIG_CO,20-Aug-2026,Colombia,795.561841,30910453000,30910453000,30063952783.6,2.247132897628105,-0.1674999999999982,0.9393244157663627,6.404821986379239,20.0,1.0,BB-,Baa3,BB,-0.34598829184684377,0.3945725852059656,0.013330117951881881,0.1791542120411327,0.5426107434333804,6.390640686737226,-0.18700000000000383,0.6420955157796948,2.407600359276474,0.01953840373125626,0.295332375471169,3.903247428591916,6.009193,5.982558,6.037059447863783,63.856999,9.139226,6.676773893887698,192.0,243.0
EMBIG_CR,20-Aug-2026,Costa Rica,252.234885,7500000000,7500000000,7962521276,0.5951593802759977,-0.3658999999999968,0.22249535233784812,0.5166767159478836,7.0,2.0,BB,Ba2,BB,-0.5213285632161391,0.47093190970393106,-1.4710829829074679,0.15623003013287562,-0.2472717913435174,2.017438369860236,-0.39080000000000226,-0.0953398742563949,-3.4523871842299325,0.025022524460216466,0.31813855767273136,4.110989300997492,6.74307,8.318358,8.52780203838524,122.04159,15.103451,6.342757712271667,134.0,204.0
EMBIG_CI,20-Aug-2026,Cote D'Ivoire,481.403486,6900000000,6900000000,7304358845.5,0.5459649692748002,0.22690000000000765,1.906889758919883,4.235481777346828,5.0,1.0,BB,Ba2,BB,-0.369625835984122,0.3664935219101384,-1.5438307755672231,0.5987563840811116,1.5347716181156157,5.8699343933338755,0.1711000000000018,1.5303041912771098,-0.4018077324334679,0.05567225908180706,0.3709089004062527,4.655993588996843,7.475207,6.183456,6.246844857468133,53.4376,8.854123,6.791030466498412,215.0,254.0
EMBIG_CD,20-Aug-2026,DEMOCRATIC REPUBLIC OF CONGO,104.381334,1250000000,1250000000,1335966723,0.0998569547721778,0.3335000000000088,0.500800120761169,4.381334000000003,2.0,1.0,B-,B3,,-0.26981973670127113,0.36912690420944916,-0.4090212133324389,0.6049200576219826,0.13118861740737398,4.810032735500913,0.27010000000000645,0.023946064466073835,1.6610809999999976,0.06322648682068888,0.4767388402475925,2.6758066238891542,9.142574,4.934857,4.969370405398927,35.611646,7.261606,8.459937794895719,392.0,426.0
EMBIG_DO,20-Aug-2026,Dominican Republic,700.014319,29930000000,29930000000,29521888857.3,2.2066162799286007,-0.24880000000000457,1.1108656012972284,0.7754674836199626,18.0,1.0,BB,Ba2,BB-,-0.45762935426294504,0.37925527913045265,-0.8766236793886328,0.2097820744369816,0.7288460715389133,1.6667021826985984,-0.27009999999999534,0.8145629542242849,-3.069080321978024,0.021327413318528166,0.2939084835385408,3.9662757190622067,6.048831,7.277504,7.405718917631848,98.267296,12.833519,6.548970407669245,166.0,224.0
EMBIG_EC,20-Aug-2026,Ecuador,1360.753191,14714273160.6,14915261559,13522350788.4,1.0107293451593122,0.15339999999999243,0.8695554254394722,6.596381957055586,5.0,1.0,B-,Caa1,B-,-0.3264835878139749,0.3758877970726493,-0.6991437002417888,0.48146888390740994,0.491818941988309,7.3468904268006785,0.09069999999999911,0.44640077087709784,1.9585933676826262,0.06263589397605962,0.4212728746959993,4.5487046421793575,7.066974,5.613236,5.664925378911417,44.971585,8.114488,8.959223211082467,436.0,471.0
EMBIG_EG,20-Aug-2026,Egypt,660.866569,25250000000,25250000000,25154391045,1.8801672569072212,-0.10369999999999546,1.3347852495187995,1.5770539301027453,20.0,2.0,B,Caa1,B,-0.34196039441629633,0.37231144893321577,-0.30597187323021524,0.23905485139850136,0.9589034913996208,1.8888050141436574,-0.17120000000000468,0.9231708413297568,-3.3638591677493945,0.06755616724964941,0.4078483705661995,5.112903737711205,7.761186,5.892618,6.032888974095369,73.593151,12.295687,8.27756727704413,343.0,401.0
EMBIG_SV,20-Aug-2026,El Salvador,872.18181,6612931000,6612931000,7134276581.2,0.5332521548889849,-0.09949999999999681,0.5384856537124838,4.866899522850465,9.0,2.0,B-,B3,B-,-0.4113900601363851,0.42751661087230275,-0.9163222061081222,0.3131445189026971,0.11049648940533174,5.836704867357434,-0.12699999999999934,0.137106638882889,-0.32986141125882495,0.027469969525339977,0.40082841154165383,5.2139637485626,8.636322,6.792491,6.931228166310945,92.125631,14.10146,7.687807662055246,279.0,339.0
EMBIG_ET,20-Aug-2026,Ethiopia,209.726976,1000000000,1000000000,1081000000,0.08079944376632817,0.09259999999999824,0.3957885664364724,0.897889666131424,1.0,1.0,,Caa3,,-0.008805907013731407,0.3311189921932467,1.9128847318725883,0.10141483751002767,0.06445566160573346,-0.9959428570114448,0.09259999999999824,0.3957883172741372,0.8978887101417143,0.0,0.0,0,6.625,1.247004,1.2403825500991745,2.663285,1.297222,1.05417,-299.0,-296.0
EMBIG_GA,20-Aug-2026,Gabon,425.904545,1964682000,1964682000,1783075241.8,0.13327612185765322,0.024599999999996847,-0.3575306307601944,18.771897463438325,3.0,1.0,,Caa2,CCC-,-0.08737653672911128,0.3762736920268184,0.552792680994818,0.11212064009000766,-0.7310537515912263,18.118942895722157,-0.044999999999995044,-0.8158772488960464,13.043408187027206,0.06967184134341053,0.4621171168595062,5.067509531153114,7.609662,2.673512,2.6806939544799917,9.935868,3.195546,10.953562108450564,667.0,688.0
EMBIG_GE,20-Aug-2026,Georgia,350.59202,1000000000,1000000000,971407915,0.07260797336004494,-0.16699999999999493,0.43745546818130254,3.9284249929587345,2.0,2.0,BB,Ba2,BB,-0.09502536605178191,0.39197329569955475,0.21522020257374042,-0.07201471740236887,0.04530458307825391,3.7052309467998867,-0.20719999999999628,0.17583200810296074,0.9237906808390539,0.04029579434221553,0.26116460642970907,2.977131400572275,4.563556,2.79595,2.8008033588987695,11.029544,3.123287,5.908946379375785,162.0,183.0
EMBIG_GH,20-Aug-2026,Ghana,310.891047,6292763165.8,7011766320,6028032785,0.4505658612705868,0.17979999999999663,1.8308909139870044,4.89730352720914,2.0,1.0,B-,Caa1,B,-0.18652658017176416,0.3746593540319143,0.19720608523661198,0.36697657535427197,1.4507960919718954,4.690843599326655,0.1371000000000011,1.5427977699541184,1.5093772696326724,0.042562907954990514,0.28371483555658106,3.3375463305790776,5.0,3.784005,3.80328791372538,22.626573,4.608211,6.811187747231531,236.0,266.0
EMBIG_GT,20-Aug-2026,Guatemala,207.878494,9565000000,9565000000,9613259722,0.7185439762468885,-0.1654999999999962,0.7485573170245674,1.7337767316390584,14.0,1.0,BB+,Ba1,BB+,-0.3882057215506385,0.36440694987842637,-0.8637362128866788,0.22353239288575022,0.38275519539401337,2.6201437860742027,-0.18319999999999448,0.47395107769898637,-1.8779448359726225,0.017660275282582738,0.27331335428240067,3.6808510007284356,5.827921,6.488305,6.582207314467376,80.878875,10.397156,6.06066570245352,123.0,178.0
EMBIG_HN,20-Aug-2026,Honduras,261.415081,2315670000,2315670000,2472571121.7,0.18481255439920172,0.08799999999999919,0.7050545851159162,4.813149944371253,3.0,1.0,BB-,B1,,-0.3353837099008383,0.36977904011075147,-0.34530381674693356,0.4247769202976537,0.3340407715337834,5.176328503329919,0.07029999999998982,0.37464742769948156,0.5064579764641586,0.01762559863782709,0.3291768917426108,4.2849936482632245,7.156149,5.75152,5.688570649095855,43.326744,7.556484,6.186616996663685,163.0,198.0
EMBIG_HU,20-Aug-2026,Hungary,418.560855,25625000000,25625000000,25671119498.5,1.9187901723753387,-0.11250000000000426,0.7866235908111419,2.387884303189325,16.0,4.0,BBB-,Baa2,BBB,-0.3438273156230687,0.3858402249910631,-0.5992738909933681,0.23215046070561574,0.3992428522811231,3.0051665603826327,-0.15899999999999803,0.4855735343221257,-1.2145802730929467,0.046633358839209826,0.2995965087287944,3.6467513761804904,5.73194,5.917769,6.018060072228799,72.948597,9.383379,5.774738811752103,97.0,149.0
EMBIG_IN,20-Aug-2026,India,165.32096,6000000000,6000000000,5807607930,0.43409018534404864,-0.05270000000000552,0.576878540478587,0.03152560054600073,7.0,1.0,BBB,Baa3,BBB-,-0.28196618337668067,0.369082288428646,-1.2448039109267173,0.22988548752265192,0.20703150302341378,1.2924198561977462,-0.06530000000000147,0.3546489462921576,-2.698295893191749,0.012609208951674944,0.2214450456839545,2.805523993929948,4.338085,5.16341,5.2264700382512945,50.907325,7.259753,5.465928676124958,83.0,123.0
EMBIG_ID,20-Aug-2026,Indonesia,439.840933,106772547500,106772547500,99931898560.1,7.469418888221091,-0.04030000000000422,0.8451837464752421,-1.921996774359036,104.0,8.0,BBB,Baa2,BBB,-0.41022828737109496,0.401963767334812,-0.652042225441074,0.37141051782065837,0.4414451670283981,-1.2782895931197857,-0.05509999999999682,0.5956856639396158,-5.015740864907747,0.01473520356700675,0.2480195020619469,3.257110572209654,4.848132,6.806733,6.978167523871444,96.046487,10.991119,5.907673751471377,99.0,161.0
EMBIG_IQ,20-Aug-2026,Iraq,656.988158,506250000,2700000000,505780875,0.03780463771290171,0.06340000000000234,0.41572814924955015,3.62406822046466,1.0,1.0,B-,Caa1,B-,-0.003094009838933154,0.2813970943439825,1.9250881144999843,0.06649606723378998,0.13395394614410527,1.666890461599202,0.015100000000001224,0.09230301383023054,-0.10640031609758793,0.04829270780113415,0.323127039587523,3.734443245045682,5.8,0.847493,0.8476531089827741,1.533382,0.891667,6.287325,226.0,230.0
EMBIG_JM,20-Aug-2026,Jamaica,438.313356,3895769085.4,4314534000,4496250862.6,0.33607268153049286,-0.3326000000000051,0.3256083648892849,1.281415570745259,3.0,1.0,BB,Ba3,BB-,-0.47844793692272125,0.42565183437679455,-1.0128629924008536,0.14650930455084588,-0.09961982487747267,2.3177536991824566,-0.3565999999999958,-0.008151517629328975,-2.867733794465366,0.02401971767287403,0.3337867138428541,4.27164838180345,7.697545,7.5771,7.785423676773952,102.486378,13.021621,6.1302432983018065,116.0,182.0
EMBIG_JO,20-Aug-2026,Jordan,198.237716,4850000000,4850000000,4937431311,0.36904875445259244,0.0034000000000089514,0.7559850743414032,2.8445605879207303,5.0,1.0,BB-,Ba3,BB-,-0.2116435949531814,0.40118362191110535,0.10564712548126742,0.2155338025713105,0.35338325212697086,2.7360246504630537,-0.05309999999999482,0.3840397535122664,-1.351619045682817,0.05659907595585434,0.37052187707655726,4.253672077680637,6.839239,4.349081,4.435849055368639,43.490207,6.9671,6.678118618217724,197.0,248.0
EMBIG_KZ,20-Aug-2026,Kazakhstan,296.137994,13550000000,13550000000,13522409766.5,1.0107337534815573,-0.09050000000000447,0.8348112483080206,0.8824312188810746,16.0,5.0,BBB-,Baa1,BBB,-0.3473731310615902,0.40388507739264057,-0.5019225163289232,0.2577938704868332,0.42919324833039507,1.3913381118382473,-0.13560000000000239,0.5489722812050291,-2.3371706072515486,0.045211426390312504,0.28427837701630043,3.2966522959752886,5.211145,6.015533,6.1187732202094836,61.187227,8.381072,5.550251559363926,81.0,132.0
EMBIG_KE,20-Aug-2026,Kenya,244.477028,9625158000,9625158000,9877371873.1,0.7382850631080276,-0.1256000000000035,1.9518950098899035,4.233821850184172,9.0,1.0,B,B3,B-,-0.30989195549061543,0.3669527289190233,-0.642123812515305,0.18482353143101093,1.5791477210774119,4.907458313537139,-0.1998999999999973,1.5372498232015586,-1.2027400356574458,0.07443159504134655,0.4083682329096394,5.502749284027653,8.539446,5.440357,5.509194477971319,47.805372,8.773228,8.433904847370854,379.0,420.0
EMBIG_KG,20-Aug-2026,Kyrgyzstan,112.681904,1200000000,1200000000,1235598470,0.09235492053147651,0.06990000000000052,0.739792894894542,3.6542424450345834,2.0,2.0,B+,B3,B,-0.13301053273701013,0.3863459339685571,0.047575198246185835,0.20322389040325906,0.35208717500119224,3.604953396847854,0.0048000000000048,0.306795441240415,-1.2870022697042849,0.06518762021392455,0.43167377155146625,5.005664629778739,8.062119,3.391158,3.397674198640801,14.620651,4.144919,7.782562817390697,346.0,370.0
EMBIG_LV,20-Aug-2026,Latvia,113.090195,1250000000,1250000000,1245345837.5,0.09308348840583913,0.16659999999999453,0.46647581889185386,0.2229147330984338,1.0,1.0,A,A3,A-,-0.3958804980449204,0.40842317131806194,-0.9696618080188735,0.5647160989499689,0.05781606441732645,1.2042566027434587,0.12399999999999078,0.1796063180676155,-2.9788952121823975,0.04254724142063182,0.28635332527284785,3.3001151714257437,5.125,6.420416,6.4669627379653445,50.076739,7.933333,5.188738,61.0,98.0
EMBIG_LB,20-Aug-2026,Lebanon,177.591581,15264133000,15264133000,4256842852.4,0.318178107931343,0.0,2.533225356571722,21.12257151371979,14.0,1.0,,C,,-0.03354755414688437,0.28488247075786344,1.820661480184782,0.03355881230759916,2.2419551586234876,18.956772387763408,0.0,2.5332257421259996,21.12257061980223,0,0,-0,4.937059,1.158283,1.1614920268556874,4.441876,2.437991,86.47393038428017,8217.0,8237.0
EMBIG_MY,20-Aug-2026,Malaysia,474.4301,22400000000,22400000000,20444712976,1.5281419393367546,-0.3009999999999957,0.5842981203906028,-1.1648147956451527,20.0,3.0,A-,A2,BBB+,-0.49488130214047077,0.4193587760497275,-1.3258352595425293,0.19480776515177212,0.16425034573330777,0.16318317915016145,-0.3218999999999972,0.35077034913146843,-4.04874080179598,0.02096344403574868,0.23271242403375414,3.0056094898331276,4.31335,8.07627,8.289754042163292,132.521779,13.721567,5.567285095597202,58.0,124.0
EMBIG_MX,20-Aug-2026,Mexico,980.570027,172863126669,172863126669,160146493665.7,11.970164300940866,-0.3247,1.2319502772773827,1.8372371988788272,73.0,6.0,BBB,Ba1,BBB-,-0.4287125383954815,0.37634299568123364,-1.0128631709985791,0.10447865340359463,0.8523995313675536,2.879263738968363,-0.34600000000000186,0.9330080742254943,-2.0828538222145254,0.02138841838175143,0.2961774532766803,4.003472242003481,5.920542,7.125503,7.261901791703281,97.916212,13.456801,6.891026108187075,200.0,259.0
EMBIG_MN,20-Aug-2026,Mongolia,289.062273,2250000000,2250000000,2262560142.5,0.16911526457156723,0.1303000000000054,0.840173513365583,4.885724480089881,4.0,2.0,BB-,B1,B+,-0.17958957528149133,0.4006786182854105,0.07349655446402537,0.310492279353336,0.43774161540117706,4.808696097356546,0.11550000000000171,0.542974869212931,0.6672354752903065,0.014833833380101247,0.29559435477171103,4.190529892937511,6.112547,3.959734,3.9709678951485925,19.602267,4.70531,6.2736709724557596,191.0,217.0
EMBIG_ME,20-Aug-2026,MONTENEGRO,121.200376,750000000,750000000,809516250,0.060507366068273685,-0.08289999999999687,0.174407068945448,2.4063542844311447,1.0,1.0,B+,Ba3,,-0.16263952809668636,0.3861926027865614,-0.08874726062160221,0.0798694273564271,-0.21097031997900917,2.4973186303971717,-0.143099999999996,-0.2048666028967694,-1.9171814043253632,0.06028626965186579,0.38005302019752385,4.408045445586528,7.25,3.742275,3.749360753182949,17.594725,4.55,5.996443,165.0,190.0
EMBIG_MA,20-Aug-2026,Morocco,172.778358,6250000000,6250000000,5822905820,0.4352336275298011,-0.018300000000004424,0.6870960189081288,0.7116337212590418,6.0,1.0,BBB-,Ba1,BB+,-0.33602312872645923,0.42514147847863004,-0.5163770596342543,0.31883857393177895,0.2608454541344951,1.234383489874613,-0.06129999999999747,0.41047952564956525,-2.4737867372173206,0.04310690367930192,0.2754868593922266,3.2662147529644248,4.841814,5.74214,5.878512441145988,72.768137,8.672984,5.979013492913671,113.0,171.0
EMBIG_MZ,20-Aug-2026,Mozambique,249.412132,900000000,900000000,857709000,0.06410953757018831,0.32529999999999504,1.4921282501695332,14.014865809613418,1.0,1.0,CCC+,Caa2,CC,-0.08418480001776141,0.3741877685169426,0.6220768046520497,0.4098298144274537,1.1137720399497342,13.30998826654637,0.25690000000000435,0.9962935746416157,6.931311454210509,0.06822473066689927,0.4909433433379906,6.6244014430645315,9.0,2.569672,2.573566505421714,9.553647,3.308333,12.182266,790.0,811.0
EMBIG_NG,20-Aug-2026,Nigeria,331.026312,18547465000,18547465000,19792519780.4,1.4793936993447963,-0.0066000000000010495,0.24019183854180337,5.589359735167232,15.0,1.0,B,B3,B,-0.31442026659201927,0.40713721771206135,-0.5484811083230956,0.30877547970011854,-0.16626853776666728,6.171692235581316,-0.07080000000000419,-0.180694909905188,0.6434488754003098,0.06427770607155825,0.4216492770172442,4.914286818431379,8.131991,5.517381,5.626241527238402,59.877331,9.607678,7.406142903438427,264.0,316.0
EMBIG_OM,20-Aug-2026,Oman,172.978939,23811338000,23811338000,24549233897.8,1.8349347306490196,0.0404000000000071,0.32895955237952634,0.44592737201583077,18.0,5.0,BBB-,Baa3,BBB-,-0.27609969388650013,0.42715689026802117,-0.20202322649697235,0.3173583385873924,-0.0977819587091755,0.6492587861827825,-0.007699999999999374,0.008196209268263033,-3.147522819696058,0.048127344841764064,0.32073750575509763,3.710231053840518,5.95949,5.036271,5.160396527803616,60.366339,8.026931,5.84870653654621,102.0,162.0
EMBIG_PK,20-Aug-2026,Pakistan,770.476929,5200000000,5200000000,5308896328,0.39681394108742096,0.13170000000000126,1.1810828147744923,5.305389148734174,5.0,2.0,B,Caa1,B-,-0.1724861248857401,0.361714588776052,0.3439389743089105,0.3046705963032803,0.8164153572001398,4.94444438586481,0.07099999999999884,0.7754670784346329,0.3676344946350607,0.06060948351327422,0.4024936600649731,4.919668730016147,7.586788,3.598148,3.654636937309106,33.133126,6.36448,7.914359367639664,329.0,372.0
EMBIG_PA,20-Aug-2026,Panama,1726.810732,33570754000,33570754000,30465118840.6,2.2771180912067375,-0.36840000000000206,0.6221537835261248,2.7158164321638534,23.0,4.0,BBB-,Baa3,BB+,-0.5152046042047442,0.3896215322058527,-1.32151393283777,0.14753217709027044,0.2316297230041009,4.091398577980665,-0.38890000000000313,0.3534745372424375,-0.7939695736722818,0.020573901521170335,0.2677324627534228,3.537874170131805,5.154927,8.11134,8.300185311448487,128.209566,14.491002,6.2030087710003,124.0,186.0
EMBIG_PG,20-Aug-2026,Papua New Guinea,203.906532,500000000,500000000,538370765,0.04024057201855002,0.08019999999999694,0.2839143886877338,6.141806365943192,1.0,1.0,B-,B2,,-0.027307053147396232,0.3965009065995728,0.9519900583445207,0.10753641817424775,-0.11214245064926631,5.140872768659976,0.060299999999990916,-0.10892103349119386,0.9535973176417745,0.019888007531454477,0.3932616854432469,5.139197362646186,8.375,1.879314,1.8829518961232212,4.674277,2.119444,5.883131,169.0,184.0
EMBIG_PY,20-Aug-2026,Paraguay,186.930797,6496355000,6496355000,6284365194.4,0.4697254506299937,-0.11360000000000259,0.2585568822432549,-1.2373565018140686,9.0,1.0,BBB-,Baa3,BB+,-0.5345753723355218,0.4925425243335946,-1.7729072667229229,0.42328162047582385,-0.23283882988940352,0.5452197070272113,-0.13090000000000046,-0.016086243230140074,-4.633270042596016,0.01738318140931394,0.27468677701092403,3.5609064653889577,5.403469,8.547106,8.784286539747566,130.6862,15.10709,6.134778440320001,112.0,183.0
EMBIG_PE,20-Aug-2026,Peru,1588.972147,28376372000,28376372000,24676473140.1,1.8444452394429476,-0.42799999999999505,0.7160350429439744,1.4863985946831804,18.0,3.0,BB+,Baa2,BBB,-0.563288421235375,0.393951987536556,-1.8226875261071696,0.1360133950006004,0.32081929373881657,3.3705198438182205,-0.4477999999999982,0.4559291834555612,-1.8620815930274426,0.01985026162087955,0.25892534844773607,3.4120151013882882,4.894757,8.935663,9.18624244879215,152.212362,17.264571,6.09518680002124,110.0,174.0
EMBIG_PH,20-Aug-2026,Philippines,1031.962954,45847624000,45847624000,42446323150.7,3.1726543020404043,-0.13400000000000079,0.7009241826331003,-1.8553181559282095,38.0,1.0,BBB+,Baa2,BBB,-0.42786978798012854,0.43465328361873556,-0.8722542195211513,0.2950836131219159,0.2651185772301279,-0.9917139013047027,-0.1495000000000024,0.4476752730699918,-4.953639405030053,0.015498329618046647,0.252120649075116,3.259796353520472,4.896625,7.020766,7.19641138832449,88.923968,10.248756,5.703523159001105,82.0,143.0
EMBIG_PL,20-Aug-2026,Poland,805.766674,33750000000,33750000000,33551129807.5,2.5077822628842488,-0.263100000000005,0.42838140532219793,-0.4007623515854264,16.0,2.0,A-,A2,A-,-0.4341027943012832,0.3849594898134967,-1.313775430187769,0.17171435439820026,0.04325536967166865,0.9251677260486479,-0.2886000000000055,0.15298997782497992,-3.765950843534327,0.02557976944517204,0.2749696335084151,3.4968798281444835,5.408466,7.237212,7.375913897224888,103.152824,12.460608,5.778578226194209,90.0,146.0
EMBIG_CG,20-Aug-2026,REPUBLIC OF CONGO,113.827516,1550000000,1550000000,1533373441,0.11461213794529197,0.11120000000000019,2.2661378754972095,13.827516000000006,2.0,1.0,CCC+,Caa2,CCC+,-0.27276960828982455,0.3882580459074303,-0.37265689949294023,0.3849746654416286,1.870618645801958,14.253290322169153,0.03150000000000652,1.7823535133620672,9.795952000000007,0.07965913461700502,0.47531507691429553,3.671871237918367,9.5,4.950737,4.98158418251556,33.453261,7.179112,9.909651139433354,540.0,573.0
EMBIG_RO,20-Aug-2026,Romania,202.198537,26273042000,26273042000,25317391112.7,1.8923507118594942,-0.3094999999999959,0.41088261615722654,0.6013496649346362,17.0,1.0,BBB-,Baa3,BBB-,-0.343627549372183,0.4059723535315918,-0.4680124431842292,0.034214983942382204,0.004890789401823525,1.0743897593835205,-0.3622000000000014,0.08252317695416345,-3.055424440502519,0.0528586450401658,0.32808884380932657,3.7720234631651195,5.895081,6.014792,6.126653627816562,66.795382,9.209857,6.49772649631896,173.0,224.0
EMBIG_RW,20-Aug-2026,Rwanda,128.540563,620000000,620000000,597817435.4,0.04468391882898503,0.18370000000000886,0.3253496095605435,7.40734421196565,1.0,1.0,B+,B2,B+,-0.20121166976196925,0.400290062078823,-0.20959534926436874,0.385687718460348,-0.07464138757847794,7.632940251138143,0.13639999999999208,0.0043322385584687595,3.606653974474705,0.047235570681603,0.3210038051908004,3.668382969137962,5.5,4.253297,4.266081706878825,21.718757,4.958333,6.303702,192.0,220.0
EMBIG_SA,20-Aug-2026,Saudi Arabia,126.678203,165750000000,165750000000,156882337667.5,11.726184662622824,-0.09029999999999871,0.6124860055482184,-0.5406674393743649,67.0,4.0,A+,Aa3,A+,-0.3375760074377121,0.3907032859870485,-0.573915449888629,0.24808370821216563,0.22091997292743581,0.03343922405145694,-0.13330000000000286,0.3368485637036178,-3.5940869480645565,0.04307743193388003,0.2747135361567121,3.1672525315742606,4.75443,5.933078,6.066352622147627,80.195292,9.75622,5.804731356074031,96.0,152.0
EMBIG_SN,20-Aug-2026,Senegal,171.339015,3150000000,3150000000,1663910559,0.12436914675681791,-0.7955999999999963,-2.236095423916573,-3.1457852097845906,3.0,1.0,CCC+,Caa1,,-0.23686989360174326,0.5184333555077858,0.2885360079893262,-0.5600382857785635,-2.740322454283084,-3.4244384766603853,-0.9386000000000005,-3.0397564771347807,-10.718581460173704,0.14439973274322782,0.828855001808626,8.481927739894157,6.913501,4.375795,4.447778223097828,39.062385,9.807373,19.608143592038374,1493.0,1541.0
EMBIG_CS,20-Aug-2026,Serbia,102.843824,5700000000,5700000000,5640332227,0.4215871476400509,0.08699999999999264,0.7159093460859189,1.2384365054984192,5.0,1.0,BBB-,Ba2,BB+,-0.29408294399133617,0.3885393302669238,-0.7067021867769419,0.38221881805808877,0.32610156264922807,1.9589829917556978,0.043799999999993844,0.42729788089543863,-2.0490830157093742,0.043161886854137244,0.28738192127082396,3.3562937976532314,5.294756,5.216895,5.252586402783034,38.03559,6.585817,5.8154160274162505,128.0,162.0
EMBIG_ZA,20-Aug-2026,South Africa,1111.973426,27250000000,27250000000,26493660026,1.9802710392553224,-0.051800000000001845,1.144693770122296,2.172837059011834,20.0,3.0,BB,Ba2,BB,-0.40880606820326015,0.39245541860839506,-0.898293055941346,0.3584432435341567,0.749297687957684,3.098968188225304,-0.08550000000000502,0.8263305389518028,-1.8806813273481437,0.03366277187131228,0.3157537998374149,4.131214648739179,6.143922,6.848438,7.044556357154507,100.588967,13.083174,6.885571832234334,192.0,257.0
EMBIG_LK,20-Aug-2026,Sri Lanka,292.724105,8622262794.9,9478141983.7,8440732781.6,0.6309033429527455,0.07630000000000692,1.7248924796135823,12.820444186884039,6.0,1.0,CCC+,Caa1,CCC+,-0.332654612630523,0.3548865031821391,-0.6263781628556675,0.4103261224610133,1.365161553819183,13.531581305549857,0.04669999999999952,1.5410194482490036,10.275429222555644,0.029590266381562813,0.18108276030470716,2.3078718908095874,3.516667,5.679027,5.729515671435017,46.629417,6.945513,5.562762557220611,96.0,131.0
EMBIG_SR,20-Aug-2026,Suriname,191.244226,1840000000,1840000000,2004980731.8,0.14986246798487105,0.24439999999998907,0.667877444336562,4.860931509449951,2.0,1.0,CCC+,Caa1,,-0.31995815659329185,0.36350728024954204,-0.6878504963491294,0.5661442841163433,0.3032683655172175,5.587215725159633,0.2283000000000035,0.29119653435252246,-0.08469229323573302,0.016042477869104843,0.3755879044946342,4.949819464674876,8.279677,5.526023,5.570044172393774,42.669603,7.831313,7.148882104619035,258.0,293.0
EMBIG_TT,20-Aug-2026,Trinidad And Tobago,187.992861,4635000000,4635000000,4678938302.3,0.34972767089991474,-0.16420000000000323,0.23335744907977407,4.299029148879718,7.0,3.0,BBB-,Ba2,BB,-0.30868987406140747,0.36789513866302137,-0.8356288289402714,0.14492627881692588,-0.13404522477005187,5.177924306053794,-0.18340000000000023,-0.0904343263889884,0.15677942013236912,0.019255169883658496,0.3240842420807022,4.135755535837116,6.584253,5.494353,5.199755757678741,41.26437,6.893216,6.2666874289927454,169.0,203.0
EMBIG_TR,20-Aug-2026,Turkey,1268.926803,95100000000,95100000000,95562179659.5,7.142803849755337,-0.19479999999999498,1.1049824058179114,0.9286155165701082,51.0,7.0,BB-,Ba3,BB-,-0.23313399541761148,0.3637447831978058,0.08757034535571417,0.038453033435636996,0.7385513614356798,0.8403099923793844,-0.22619999999999862,0.7537937348817803,-3.5240871966351395,0.0314554719178739,0.34855986903141734,4.615353057282134,7.171941,4.650656,4.622258065544056,38.276152,6.447643,6.977924507798768,236.0,278.0
EMBIG_UA,20-Aug-2026,Ukraine,642.682664,20167971974,20167971974,14017878091.2,1.0477675786804848,-0.6418000000000035,-3.0757811474808716,12.248541595019047,11.0,3.0,CCC+,Ca,CCC,-0.26867307448279476,0.4035490618777393,-0.1215716437238279,-0.37410891021275594,-3.465345900773942,12.385169587074184,-0.6789000000000045,-3.318525155982366,9.209740521270637,0.03741174122651181,0.25107531204489053,2.782529725732097,3.642237,4.885269,4.921177274975379,33.674867,6.406924,12.159250416996278,763.0,796.0
EMBIG_UY,20-Aug-2026,Uruguay,547.739495,17387808140.4,17810754588.9,16855054628.3,1.2598325981674987,-0.2839000000000036,0.4773546417136565,-1.0196982709919422,10.0,1.0,BBB+,Baa1,BBB,-0.5455354516828881,0.4401566420390468,-1.566548073168983,0.2630299773826783,0.03703510269146282,0.5555538953468053,-0.3029999999999977,0.20509686060388166,-4.388746687088785,0.0191496746633657,0.2717000599212982,3.5236916376740535,5.41794,8.575713,8.82234147748133,140.416226,14.99577,5.722729693485445,70.0,138.0
EMBIG_UZ,20-Aug-2026,Uzbekistan,145.631747,6500000000,6500000000,6718570359.4,0.5021801553565398,-0.04290000000000127,0.5723105616910251,3.134787569035491,11.0,3.0,BB,Ba2,BB,-0.12436136024460698,0.40300849454011356,0.21904490659390152,0.0815665727402104,0.16862290439714211,2.9093664102352035,-0.09550000000000392,0.23621299694909226,-0.7924691619802249,0.052620121241964135,0.3353058577419743,3.9586310978883876,6.391104,3.247145,3.241234364107295,14.272995,3.782037,5.7516547664649975,142.0,166.0
EMBIG_VE,20-Aug-2026,Venezuela,1381.211917,53119807100,54803571600,25654638383.9,1.9175582899587533,0.09369999999999656,1.0659845675973223,60.9549735807311,20.0,2.0,,C,,-0.016241474621281338,0.33289362662825006,1.495332167204011,0.110004743020653,0.730658457310196,58.583620731385125,0.09369999999999656,1.0659845976746185,60.95497228754445,0.0,0,0,7.697524,1.350092,1.3526290003911408,5.490225,2.369151,47.91583544206539,4683.0,4381.0
EMBIG_ZM,20-Aug-2026,Zambia,175.512032,922960866.3,1718543303,915581802.3,0.06843524546271577,0.5738000000000021,1.05592808249948,4.575609906305256,1.0,1.0,CCC+,Caa2,B-,-0.15677823105967326,0.3701611880873701,11.189838361798344,0.7317254172250154,0.6832377248573884,-5.948594092708548,0.529500000000005,0.7343246660394209,1.966516419641695,0.044066666998232584,0.31925957943261807,2.5587606850776545,5.75,3.246784,3.259258686711808,18.201626,3.910794,6.446468999999999,204.0,232.0
,,By Credit Bucket,,,,,,,,,,,,,,,,,,,,,,,,,,,,,,,,,
EMBIG_CREDIT_IG,20-Aug-2026,Investment Grade,700.328972,794182223841.4,794605170289.9,745534754443.4,55.725063337181126,-0.1815000000000011,0.697424110443845,-0.4763048496387756,545.0,72.0,BBB+,Baa1,BBB+,-0.4024567174352178,0.39891788028778574,-0.7836594808715347,0.22183337355505817,0.2973201937801928,0.30978133155796783,-0.20900000000000363,0.4320926572520367,-3.6307952409933897,0.027562119155755127,0.26419023156269983,3.2733383327994137,4.955191,6.754652,6.853560007301022,93.476709,11.172173,5.932350209854091,104.0,163.0
EMBIG_NONIG,20-Aug-2026,Non Investment Grade,1473.362263,656040907849.6,670278753918.7,592345742761.8,44.274936662818874,-0.1859000000000055,0.558982484166104,5.103959973652028,423.0,80.0,BB-,B1,B+,-0.29157009172717796,0.37831100576908305,-0.3486650696279292,0.1059711082825654,0.1799906087276426,5.471702959882108,-0.22039999999999837,0.23822548784708797,1.1135527446401117,0.034590887528773706,0.3199957375489726,3.946462634153436,6.471991,5.335041,5.398489226814532,56.029583,8.669686,7.9960809569040725,330.0,375.0
,,By Sub Credit Bucket,,,,,,,,,,,,,,,,,,,,,,,,,,,,,,,,,
EMBIG_CREDIT_A,20-Aug-2026,A,364.335803,302710889201,302710889201,283787810742.4,21.21174584241381,-0.15650000000000386,0.5636428847132224,-0.4736282234757083,180.0,25.0,A,A1,A,-0.3660495300045197,0.3976150119033184,-0.6638819144377472,0.2102879408643954,0.16537011116388722,0.19152423649806405,-0.18960000000000088,0.3103305185423011,-3.3783734809435084,0.03317580231703143,0.2525280945540498,3.0063055646679437,4.501871,6.29785,6.366980049076872,87.884911,10.131271,5.654481148278469,77.0,136.0
EMBIG_CREDIT_B,20-Aug-2026,B,1745.668475,212125404029,222275959058,200842266730.1,15.011973576834409,-0.189499999999998,-0.017445458099130118,2.6617499733530225,138.0,32.0,B,B3,B,-0.26824978112235387,0.3992947485257581,0.08064486338947852,0.07891548812970495,-0.41508276403792177,2.57902541436692,-0.23859999999999992,-0.38349481557082843,-1.9331940977460937,0.04920748925485441,0.3674576244260708,4.685525113979105,6.644952,4.959464,4.9944908662238765,44.486348,7.894987,8.21967833235893,357.0,400.0
EMBIG_CREDIT_BB,20-Aug-2026,BB,1169.237195,329396986085.4,329815751000,323870049416.3,24.207696434240532,-0.20059999999999523,0.9879220465031979,2.4108759055568862,215.0,34.0,BB,Ba2,BB,-0.34761190121790353,0.38916456872206684,-0.45071426484833976,0.14755498159304548,0.5964361917793815,2.8745461056526977,-0.2287000000000039,0.6639803049799831,-1.6960785662214706,0.02824023811331955,0.32180480638519526,4.177811290223943,6.445305,5.991323,6.0894002754545795,70.004239,9.967176,6.83689148335816,203.0,257.0
EMBIG_CREDIT_BBB,20-Aug-2026,BBB,433.94441,491471334640.4,491894281088.9,461746943701,34.51331749476731,-0.19689999999999985,0.779655110786659,-0.2328621891887428,365.0,48.0,BBB,Baa2,BBB,-0.4248581934351736,0.399507951981648,-0.8930575964213538,0.22896851539033758,0.37863486505476107,0.6661446273731997,-0.22090000000000165,0.5070801282727855,-3.5828787963943065,0.02411770938930413,0.27119864133648974,3.474499255996766,5.233799,7.0354,7.152610088691432,96.913406,11.811907,6.0843939214290135,119.0,178.0
EMBIG_CREDIT_C,20-Aug-2026,C,273.768343,89940513635.1,91925275260.7,56050114872.5,4.18947095720342,-0.1354999999999995,0.01983347176002237,16.841169015070868,61.0,15.0,CCC+,Caa3,CCC,-0.14420566035443505,0.34047173512146145,0.3474420572683323,0.00873610699347882,-0.31955123471726354,16.436621480298676,-0.16199999999999548,-0.1792974272275205,14.177310872156678,0.02654617806396864,0.1994889077235662,2.3330965531976666,6.308117,3.621146,3.6539142559728393,26.869814,5.207226,15.613330185800649,1106.0,1142.0
EMBIG_CREDIT_NR,20-Aug-2026,NR,910.516589,24578004100,26261768600,11583311742.9,0.8657956945405155,0.04390000000000782,1.3102769615844112,38.34012547170633,9.0,2.0,,,,-0.018269958504413264,0.368486587656669,0.8508734161323028,0.062225270783611286,0.9383329318266798,37.17295672387151,0.041000000000002146,1.2913732921087995,37.51811141656631,0.0029598188703516826,0.01866312901446232,0.5977499985063472,5.012134,1.790787,1.5272456269680357,6.54503,2.578648,35.977041372153906,3796.0,3187.0
,,By Sov/Quasi Sov/Corp,,,,,,,,,,,,,,,,,,,,,,,,,,,,,,,,,
EMBIG_QUASI,20-Aug-2026,Quasi,744.16718,300697285239,302381049739,275047672023.5,20.558463375317945,-0.12309999999999821,0.8338461007514342,2.3847746569738204,279.0,77.0,BBB,Baa2,BBB,-0.31434368477338825,0.38528646697812974,-0.46237086922912285,0.1918692093018537,0.446838139596184,2.860371663290917,-0.1515000000000044,0.5589445126828352,-0.9805758590699765,0.028446813109317404,0.27337434029839347,3.3986812177058345,5.38252,5.74391,5.669989299913073,70.585628,9.234512,6.660385281887537,190.0,240.0
EMBIG_SOV,20-Aug-2026,Sovereign,1059.074774,1149525846452,1162502874469.6,1062832825181.8,79.44153662468206,-0.1990999999999965,0.5850155678797542,1.7706709076434457,689.0,74.0,BB+,Ba1,BB+,-0.36160660782661447,0.38738980419557034,-0.6230395386906729,0.16312482680913565,0.19686313193523208,2.408717784488257,-0.2303000000000055,0.2912641942874217,-1.7762499363234485,0.03127659188804088,0.29289947512916026,3.6110676079019077,5.689957,6.225031,6.34890245270926,78.530325,10.278911,6.744548478416045,191.0,246.0
